CNTYNAMB,STATE_CD,CODE,BANKCOUNT,ASSET,STATE_BANKCOUNT,STATE_ASSET_SUM
Anchorage,AK,us-ak-020,1,1493919,3,2253048
Fairbanks North Star,AK,us-ak-090,1,269997,3,2253048
Ketchikan Gateway,AK,us-ak-130,1,489132,3,2253048
Autauga,AL,us-al-001,1,447765,116,236323912
Baldwin,AL,us-al-003,1,95378,116,236323912
Barbour,AL,us-al-005,1,132754,116,236323912
Blount,AL,us-al-009,1,320054,116,236323912
Bullock,AL,us-al-011,2,192534,116,236323912
Calhoun,AL,us-al-015,4,909129,116,236323912
Chambers,AL,us-al-017,1,133550,116,236323912
Chilton,AL,us-al-021,1,164872,116,236323912
Clarke,AL,us-al-025,2,759992,116,236323912
Clay,AL,us-al-027,1,214997,116,236323912
Coffee,AL,us-al-031,1,118432,116,236323912
Colbert,AL,us-al-033,2,1737340,116,236323912
Conecuh,AL,us-al-035,1,57037,116,236323912
Covington,AL,us-al-039,3,675524,116,236323912
Crenshaw,AL,us-al-041,2,295766,116,236323912
Cullman,AL,us-al-043,5,1423810,116,236323912
Dale,AL,us-al-045,1,85567,116,236323912
Dallas,AL,us-al-047,1,93500,116,236323912
DeKalb,AL,us-al-049,6,496926,116,236323912
Elmore,AL,us-al-051,1,327810,116,236323912
Escambia,AL,us-al-053,4,682757,116,236323912
Etowah,AL,us-al-055,2,356793,116,236323912
Fayette,AL,us-al-057,1,191444,116,236323912
Franklin,AL,us-al-059,3,1737727,116,236323912
Geneva,AL,us-al-061,2,193452,116,236323912
Greene,AL,us-al-063,1,62906,116,236323912
Hale,AL,us-al-065,3,279337,116,236323912
Henry,AL,us-al-067,1,106706,116,236323912
Houston,AL,us-al-069,4,823479,116,236323912
Jackson,AL,us-al-071,3,956614,116,236323912
Jefferson,AL,us-al-073,10,210289535,116,236323912
Lamar,AL,us-al-075,3,321188,116,236323912
Lauderdale,AL,us-al-077,2,282719,116,236323912
Lee,AL,us-al-081,2,1062613,116,236323912
Limestone,AL,us-al-083,1,161150,116,236323912
Madison,AL,us-al-089,2,704924,116,236323912
Marengo,AL,us-al-091,3,436850,116,236323912
Marion,AL,us-al-093,3,514321,116,236323912
Marshall,AL,us-al-095,4,868743,116,236323912
Monroe,AL,us-al-099,1,59358,116,236323912
Morgan,AL,us-al-103,1,334480,116,236323912
Perry,AL,us-al-105,1,245786,116,236323912
Pickens,AL,us-al-107,2,796786,116,236323912
Pike,AL,us-al-109,1,831457,116,236323912
Randolph,AL,us-al-111,3,404114,116,236323912
Russell,AL,us-al-113,1,175678,116,236323912
Shelby,AL,us-al-117,1,211500,116,236323912
St. Clair,AL,us-al-115,2,915558,116,236323912
Sumter,AL,us-al-119,1,103762,116,236323912
Talladega,AL,us-al-121,1,400333,116,236323912
Tallapoosa,AL,us-al-123,1,192446,116,236323912
Tuscaloosa,AL,us-al-125,2,1803311,116,236323912
Walker,AL,us-al-127,2,300380,116,236323912
Washington,AL,us-al-129,1,337837,116,236323912
Wilcox,AL,us-al-131,2,131239,116,236323912
Winston,AL,us-al-133,1,363892,116,236323912
Arkansas,AR,us-ar-001,3,1006163,83,56070710
Ashley,AR,us-ar-003,2,78755,83,56070710
Benton,AR,us-ar-007,3,337458,83,56070710
Boone,AR,us-ar-009,1,457611,83,56070710
Bradley,AR,us-ar-011,2,243321,83,56070710
Calhoun,AR,us-ar-013,1,360005,83,56070710
Carroll,AR,us-ar-015,1,175800,83,56070710
Chicot,AR,us-ar-017,1,60601,83,56070710
Clark,AR,us-ar-019,1,1152642,83,56070710
Clay,AR,us-ar-021,1,79378,83,56070710
Cleveland,AR,us-ar-025,1,34879,83,56070710
Columbia,AR,us-ar-027,2,1371400,83,56070710
Conway,AR,us-ar-029,1,187908,83,56070710
Crawford,AR,us-ar-033,2,472572,83,56070710
Crittenden,AR,us-ar-035,2,525650,83,56070710
Cross,AR,us-ar-037,1,224514,83,56070710
Dallas,AR,us-ar-039,2,195133,83,56070710
Desha,AR,us-ar-041,2,235811,83,56070710
Drew,AR,us-ar-043,2,379122,83,56070710
Faulkner,AR,us-ar-045,3,8387498,83,56070710
Fulton,AR,us-ar-049,1,129927,83,56070710
Grant,AR,us-ar-053,1,126226,83,56070710
Independence,AR,us-ar-063,2,1554224,83,56070710
Jackson,AR,us-ar-067,1,243354,83,56070710
Lafayette,AR,us-ar-073,2,92498,83,56070710
Lincoln,AR,us-ar-079,1,93803,83,56070710
Logan,AR,us-ar-083,2,406088,83,56070710
Lonoke,AR,us-ar-085,2,638012,83,56070710
Madison,AR,us-ar-087,1,109714,83,56070710
Marion,AR,us-ar-089,1,109304,83,56070710
Mississippi,AR,us-ar-093,1,424421,83,56070710
Monroe,AR,us-ar-095,1,48337,83,56070710
Nevada,AR,us-ar-099,1,80799,83,56070710
Ouachita,AR,us-ar-103,2,102009,83,56070710
Pike,AR,us-ar-109,2,552265,83,56070710
Poinsett,AR,us-ar-111,2,96348,83,56070710
Polk,AR,us-ar-113,1,215639,83,56070710
Pope,AR,us-ar-115,1,217580,83,56070710
Pulaski,AR,us-ar-119,6,10223687,83,56070710
Randolph,AR,us-ar-121,1,51238,83,56070710
Saline,AR,us-ar-125,1,244548,83,56070710
Sebastian,AR,us-ar-131,1,197587,83,56070710
Sevier,AR,us-ar-133,2,360805,83,56070710
Sharp,AR,us-ar-135,2,464748,83,56070710
Union,AR,us-ar-139,2,1070906,83,56070710
Washington,AR,us-ar-143,4,16409588,83,56070710
White,AR,us-ar-145,1,4831449,83,56070710
Woodruff,AR,us-ar-147,2,173625,83,56070710
Yell,AR,us-ar-149,2,835760,83,56070710
Maricopa,AZ,us-az-013,5,14172053,12,15685969
Mohave,AZ,us-az-015,3,624363,12,15685969
Pima,AZ,us-az-019,1,170036,12,15685969
Yavapai,AZ,us-az-025,1,199553,12,15685969
Yuma,AZ,us-az-027,2,519964,12,15685969
Alameda,CA,us-ca-001,6,4150678,155,372048398
Butte,CA,us-ca-007,2,4065466,155,372048398
Contra Costa,CA,us-ca-013,5,5291255,155,372048398
Fresno,CA,us-ca-019,6,3130979,155,372048398
Humboldt,CA,us-ca-023,1,304296,155,372048398
Imperial,CA,us-ca-025,1,131630,155,372048398
Kern,CA,us-ca-029,2,893898,155,372048398
Los Angeles,CA,us-ca-037,43,109883241,155,372048398
Marin,CA,us-ca-041,2,6859624,155,372048398
Mendocino,CA,us-ca-045,1,1043784,155,372048398
Monterey,CA,us-ca-053,3,914103,155,372048398
Orange,CA,us-ca-059,16,16951687,155,372048398
Placer,CA,us-ca-061,2,980509,155,372048398
Plumas,CA,us-ca-063,1,557087,155,372048398
Riverside,CA,us-ca-065,3,1316836,155,372048398
Sacramento,CA,us-ca-067,4,2239797,155,372048398
San Bernardino,CA,us-ca-071,3,7942514,155,372048398
San Diego,CA,us-ca-073,7,14059340,155,372048398
San Francisco,CA,us-ca-075,8,127394709,155,372048398
San Joaquin,CA,us-ca-077,3,5375965,155,372048398
San Luis Obispo,CA,us-ca-079,2,2011814,155,372048398
San Mateo,CA,us-ca-081,2,539753,155,372048398
Santa Barbara,CA,us-ca-083,4,1828570,155,372048398
Santa Clara,CA,us-ca-085,5,42499267,155,372048398
Santa Cruz,CA,us-ca-087,2,676359,155,372048398
Shasta,CA,us-ca-089,1,983894,155,372048398
Siskiyou,CA,us-ca-093,1,601643,155,372048398
Solano,CA,us-ca-095,2,1197962,155,372048398
Sonoma,CA,us-ca-097,4,3719437,155,372048398
Stanislaus,CA,us-ca-099,1,763925,155,372048398
Sutter,CA,us-ca-101,3,367299,155,372048398
Tehama,CA,us-ca-103,1,171180,155,372048398
Tulare,CA,us-ca-107,4,2457481,155,372048398
Tuolumne,CA,us-ca-109,1,70727,155,372048398
Ventura,CA,us-ca-111,2,440655,155,372048398
Yolo,CA,us-ca-113,1,231034,155,372048398
Adams,CO,us-co-001,3,522768,69,43119685
Alamosa,CO,us-co-003,2,475052,69,43119685
Arapahoe,CO,us-co-005,5,3057474,69,43119685
Archuleta,CO,us-co-007,1,67857,69,43119685
Bent,CO,us-co-011,1,27820,69,43119685
Boulder,CO,us-co-013,1,127563,69,43119685
Broomfield,CO,us-co-014,1,152672,69,43119685
Chaffee,CO,us-co-015,2,590208,69,43119685
Cheyenne,CO,us-co-017,1,343463,69,43119685
Delta,CO,us-co-029,1,199614,69,43119685
Denver,CO,us-co-031,9,9728212,69,43119685
Douglas,CO,us-co-035,2,183650,69,43119685
El Paso,CO,us-co-041,4,613653,69,43119685
Fremont,CO,us-co-043,1,66344,69,43119685
Garfield,CO,us-co-045,1,2591405,69,43119685
Gunnison,CO,us-co-051,1,74895,69,43119685
Jackson,CO,us-co-057,1,148588,69,43119685
Jefferson,CO,us-co-059,2,15398780,69,43119685
Kit Carson,CO,us-co-063,2,203666,69,43119685
La Plata,CO,us-co-067,1,140424,69,43119685
Larimer,CO,us-co-069,5,4399906,69,43119685
Mesa,CO,us-co-077,2,265439,69,43119685
Montezuma,CO,us-co-083,2,239803,69,43119685
Morgan,CO,us-co-087,2,257255,69,43119685
Otero,CO,us-co-089,3,285846,69,43119685
Ouray,CO,us-co-091,1,90569,69,43119685
Prowers,CO,us-co-099,4,1378503,69,43119685
Pueblo,CO,us-co-101,1,341935,69,43119685
Routt,CO,us-co-107,1,213430,69,43119685
Sedgwick,CO,us-co-115,1,215306,69,43119685
Teller,CO,us-co-119,1,90653,69,43119685
Weld,CO,us-co-123,3,511234,69,43119685
Yuma,CO,us-co-125,1,115698,69,43119685
Fairfield,CT,us-ct-001,3,2058451,11,5740966
Hartford,CT,us-ct-003,2,599522,11,5740966
Litchfield,CT,us-ct-005,1,860851,11,5740966
New Haven,CT,us-ct-009,2,161084,11,5740966
New London,CT,us-ct-011,1,187493,11,5740966
Windham,CT,us-ct-015,2,1873565,11,5740966
District of Columbia,DC,us-dc-001,2,1556699,2,1556699
New Castle,DE,us-de-003,8,40915284,12,125298199
Sussex,DE,us-de-005,4,84382915,12,125298199
Alachua,FL,us-fl-001,1,232714,115,52760133
Bradford,FL,us-fl-007,1,67857,115,52760133
Brevard,FL,us-fl-009,3,363710,115,52760133
Broward,FL,us-fl-011,5,3325185,115,52760133
Charlotte,FL,us-fl-015,3,696951,115,52760133
Citrus,FL,us-fl-017,2,489813,115,52760133
Collier,FL,us-fl-021,1,1165266,115,52760133
Columbia,FL,us-fl-023,2,249207,115,52760133
DeSoto,FL,us-fl-027,1,141090,115,52760133
Duval,FL,us-fl-031,2,701279,115,52760133
Escambia,FL,us-fl-033,4,368325,115,52760133
Flagler,FL,us-fl-035,1,259479,115,52760133
Hardee,FL,us-fl-049,1,610731,115,52760133
Hendry,FL,us-fl-051,1,282246,115,52760133
Hillsborough,FL,us-fl-057,10,3777568,115,52760133
Indian River,FL,us-fl-061,1,172292,115,52760133
Jackson,FL,us-fl-063,1,85734,115,52760133
Jefferson,FL,us-fl-065,1,427340,115,52760133
Lafayette,FL,us-fl-067,1,85368,115,52760133
Lake,FL,us-fl-069,3,1074279,115,52760133
Lee,FL,us-fl-071,2,378242,115,52760133
Leon,FL,us-fl-073,2,2864089,115,52760133
Levy,FL,us-fl-075,1,382955,115,52760133
Madison,FL,us-fl-079,1,109074,115,52760133
Manatee,FL,us-fl-081,1,136854,115,52760133
Marion,FL,us-fl-083,2,839892,115,52760133
Martin,FL,us-fl-085,1,1484250,115,52760133
Miami-Dade,FL,us-fl-086,18,14659265,115,52760133
Monroe,FL,us-fl-087,1,811342,115,52760133
Okaloosa,FL,us-fl-091,4,1473440,115,52760133
Orange,FL,us-fl-095,3,1847611,115,52760133
Palm Beach,FL,us-fl-099,9,1716855,115,52760133
Pasco,FL,us-fl-101,1,129794,115,52760133
Pinellas,FL,us-fl-103,7,5939880,115,52760133
Polk,FL,us-fl-105,2,864622,115,52760133
Sarasota,FL,us-fl-115,4,782890,115,52760133
Seminole,FL,us-fl-117,2,371142,115,52760133
Sumter,FL,us-fl-119,1,1785937,115,52760133
Taylor,FL,us-fl-123,1,284613,115,52760133
Volusia,FL,us-fl-127,6,1278435,115,52760133
Washington,FL,us-fl-133,1,42517,115,52760133
Pohnpei,FM,us-fm-040,1,130879,1,130879
Appling,GA,us-ga-001,2,155646,166,272008127
Atkinson,GA,us-ga-003,1,71029,166,272008127
Bacon,GA,us-ga-005,1,86642,166,272008127
Baldwin,GA,us-ga-009,2,451544,166,272008127
Barrow,GA,us-ga-013,1,1658240,166,272008127
Bartow,GA,us-ga-015,2,298711,166,272008127
Ben Hill,GA,us-ga-017,2,1266098,166,272008127
Berrien,GA,us-ga-019,2,388891,166,272008127
Bibb,GA,us-ga-021,2,2885610,166,272008127
Bleckley,GA,us-ga-023,2,285006,166,272008127
Brooks,GA,us-ga-027,1,12098,166,272008127
Bryan,GA,us-ga-029,1,120128,166,272008127
Bulloch,GA,us-ga-031,1,168080,166,272008127
Burke,GA,us-ga-033,1,79817,166,272008127
Calhoun,GA,us-ga-037,1,42422,166,272008127
Camden,GA,us-ga-039,1,57712,166,272008127
Candler,GA,us-ga-043,1,55332,166,272008127
Catoosa,GA,us-ga-047,2,394735,166,272008127
Chatham,GA,us-ga-051,2,404103,166,272008127
Clarke,GA,us-ga-059,1,469895,166,272008127
Clayton,GA,us-ga-063,1,388838,166,272008127
Cobb,GA,us-ga-067,5,4980766,166,272008127
Colquitt,GA,us-ga-071,2,5600197,166,272008127
Cook,GA,us-ga-075,1,34718,166,272008127
Crisp,GA,us-ga-081,1,270825,166,272008127
Dade,GA,us-ga-083,1,93109,166,272008127
Dawson,GA,us-ga-085,1,74250,166,272008127
DeKalb,GA,us-ga-089,3,1044769,166,272008127
Decatur,GA,us-ga-087,1,148103,166,272008127
Dodge,GA,us-ga-091,2,311751,166,272008127
Dougherty,GA,us-ga-095,1,178666,166,272008127
Early,GA,us-ga-099,2,521014,166,272008127
Elbert,GA,us-ga-105,1,644273,166,272008127
Emanuel,GA,us-ga-107,2,311624,166,272008127
Evans,GA,us-ga-109,1,117874,166,272008127
Fayette,GA,us-ga-113,2,359087,166,272008127
Floyd,GA,us-ga-115,2,282543,166,272008127
Forsyth,GA,us-ga-117,1,243409,166,272008127
Franklin,GA,us-ga-119,1,422937,166,272008127
Fulton,GA,us-ga-121,11,190988972,166,272008127
Glynn,GA,us-ga-127,1,87196,166,272008127
Grady,GA,us-ga-131,1,34979,166,272008127
Greene,GA,us-ga-133,1,95103,166,272008127
Gwinnett,GA,us-ga-135,7,3598714,166,272008127
Habersham,GA,us-ga-137,1,124567,166,272008127
Hall,GA,us-ga-139,2,294681,166,272008127
Hancock,GA,us-ga-141,1,87777,166,272008127
Harris,GA,us-ga-145,1,73051,166,272008127
Jackson,GA,us-ga-157,1,171170,166,272008127
Jasper,GA,us-ga-159,1,96494,166,272008127
Jeff Davis,GA,us-ga-161,1,114721,166,272008127
Jefferson,GA,us-ga-163,1,95384,166,272008127
Johnson,GA,us-ga-167,1,53500,166,272008127
Lanier,GA,us-ga-173,1,550695,166,272008127
Laurens,GA,us-ga-175,3,831325,166,272008127
Liberty,GA,us-ga-179,1,542450,166,272008127
Lincoln,GA,us-ga-181,1,127981,166,272008127
Lowndes,GA,us-ga-185,2,417059,166,272008127
Madison,GA,us-ga-195,1,174742,166,272008127
McIntosh,GA,us-ga-191,1,398567,166,272008127
Meriwether,GA,us-ga-199,3,135485,166,272008127
Miller,GA,us-ga-201,1,494439,166,272008127
Mitchell,GA,us-ga-205,3,275820,166,272008127
Monroe,GA,us-ga-207,1,329727,166,272008127
Montgomery,GA,us-ga-209,1,133811,166,272008127
Morgan,GA,us-ga-211,1,206101,166,272008127
Muscogee,GA,us-ga-215,2,28062879,166,272008127
Oconee,GA,us-ga-219,1,294569,166,272008127
Oglethorpe,GA,us-ga-221,1,124035,166,272008127
Paulding,GA,us-ga-223,2,188110,166,272008127
Pickens,GA,us-ga-227,1,331756,166,272008127
Pierce,GA,us-ga-229,2,442253,166,272008127
Pike,GA,us-ga-231,2,1167307,166,272008127
Pulaski,GA,us-ga-235,1,228960,166,272008127
Putnam,GA,us-ga-237,2,322405,166,272008127
Rabun,GA,us-ga-241,1,157346,166,272008127
Randolph,GA,us-ga-243,1,70758,166,272008127
Richmond,GA,us-ga-245,2,2342549,166,272008127
Screven,GA,us-ga-251,2,198082,166,272008127
Seminole,GA,us-ga-253,1,98194,166,272008127
Stewart,GA,us-ga-259,1,48576,166,272008127
Sumter,GA,us-ga-261,1,250725,166,272008127
Talbot,GA,us-ga-263,2,119530,166,272008127
Tattnall,GA,us-ga-267,3,437061,166,272008127
Taylor,GA,us-ga-269,1,49103,166,272008127
Telfair,GA,us-ga-271,3,168681,166,272008127
Terrell,GA,us-ga-273,2,256990,166,272008127
Tift,GA,us-ga-277,1,435891,166,272008127
Toombs,GA,us-ga-279,2,226596,166,272008127
Treutlen,GA,us-ga-283,1,39981,166,272008127
Troup,GA,us-ga-285,2,239282,166,272008127
Union,GA,us-ga-291,1,7867212,166,272008127
Upson,GA,us-ga-293,1,117594,166,272008127
Walker,GA,us-ga-295,1,232729,166,272008127
Walton,GA,us-ga-297,1,117395,166,272008127
Ware,GA,us-ga-299,1,149105,166,272008127
Washington,GA,us-ga-303,2,374855,166,272008127
Wheeler,GA,us-ga-309,1,91745,166,272008127
White,GA,us-ga-311,1,164763,166,272008127
Whitfield,GA,us-ga-313,1,208088,166,272008127
Wilcox,GA,us-ga-315,2,110474,166,272008127
Wilkes,GA,us-ga-317,1,251393,166,272008127
Wilkinson,GA,us-ga-319,2,106152,166,272008127
Guam,GU,us-gu-010,2,1864342,2,1864342
Honolulu,HI,us-hi-003,6,41281405,6,41281405
Adair,IA,us-ia-001,2,113567,287,64655181
Adams,IA,us-ia-003,1,17773,287,64655181
Allamakee,IA,us-ia-005,4,850054,287,64655181
Appanoose,IA,us-ia-007,1,179043,287,64655181
Audubon,IA,us-ia-009,2,168435,287,64655181
Benton,IA,us-ia-011,4,312511,287,64655181
Black Hawk,IA,us-ia-013,4,1640365,287,64655181
Boone,IA,us-ia-015,1,132416,287,64655181
Bremer,IA,us-ia-017,7,630744,287,64655181
Buchanan,IA,us-ia-019,2,119465,287,64655181
Buena Vista,IA,us-ia-021,4,991781,287,64655181
Butler,IA,us-ia-023,1,309632,287,64655181
Calhoun,IA,us-ia-025,2,163447,287,64655181
Carroll,IA,us-ia-027,5,1020259,287,64655181
Cass,IA,us-ia-029,2,443573,287,64655181
Cedar,IA,us-ia-031,3,293469,287,64655181
Cerro Gordo,IA,us-ia-033,2,544169,287,64655181
Cherokee,IA,us-ia-035,3,311614,287,64655181
Chickasaw,IA,us-ia-037,2,423743,287,64655181
Clarke,IA,us-ia-039,2,285690,287,64655181
Clay,IA,us-ia-041,6,2123683,287,64655181
Clayton,IA,us-ia-043,4,1252346,287,64655181
Clinton,IA,us-ia-045,5,940360,287,64655181
Crawford,IA,us-ia-047,2,221297,287,64655181
Dallas,IA,us-ia-049,5,1874515,287,64655181
Davis,IA,us-ia-051,1,142265,287,64655181
Delaware,IA,us-ia-055,3,1019542,287,64655181
Des Moines,IA,us-ia-057,3,1035381,287,64655181
Dickinson,IA,us-ia-059,3,995720,287,64655181
Dubuque,IA,us-ia-061,6,3801222,287,64655181
Emmet,IA,us-ia-063,2,314305,287,64655181
Fayette,IA,us-ia-065,5,342855,287,64655181
Floyd,IA,us-ia-067,1,447038,287,64655181
Franklin,IA,us-ia-069,3,356729,287,64655181
Fremont,IA,us-ia-071,1,64369,287,64655181
Greene,IA,us-ia-073,2,249522,287,64655181
Grundy,IA,us-ia-075,2,450219,287,64655181
Guthrie,IA,us-ia-077,4,334002,287,64655181
Hamilton,IA,us-ia-079,1,366591,287,64655181
Hancock,IA,us-ia-081,1,103635,287,64655181
Hardin,IA,us-ia-083,5,952139,287,64655181
Harrison,IA,us-ia-085,2,120768,287,64655181
Henry,IA,us-ia-087,3,261608,287,64655181
Howard,IA,us-ia-089,2,521471,287,64655181
Ida,IA,us-ia-093,2,1425233,287,64655181
Iowa,IA,us-ia-095,4,315909,287,64655181
Jackson,IA,us-ia-097,2,413304,287,64655181
Jasper,IA,us-ia-099,2,231164,287,64655181
Jefferson,IA,us-ia-101,2,436623,287,64655181
Johnson,IA,us-ia-103,6,4336801,287,64655181
Jones,IA,us-ia-105,3,580043,287,64655181
Keokuk,IA,us-ia-107,2,147924,287,64655181
Kossuth,IA,us-ia-109,5,705235,287,64655181
Lee,IA,us-ia-111,4,958460,287,64655181
Linn,IA,us-ia-113,16,3690258,287,64655181
Louisa,IA,us-ia-115,3,164547,287,64655181
Madison,IA,us-ia-121,2,258779,287,64655181
Mahaska,IA,us-ia-123,1,120839,287,64655181
Marion,IA,us-ia-125,4,612632,287,64655181
Marshall,IA,us-ia-127,4,561047,287,64655181
Mills,IA,us-ia-129,2,274688,287,64655181
Mitchell,IA,us-ia-131,2,313911,287,64655181
Monona,IA,us-ia-133,1,72143,287,64655181
Monroe,IA,us-ia-135,2,244539,287,64655181
Montgomery,IA,us-ia-137,1,173216,287,64655181
Muscatine,IA,us-ia-139,2,770422,287,64655181
O'Brien,IA,us-ia-141,4,468846,287,64655181
Osceola,IA,us-ia-143,3,190044,287,64655181
Page,IA,us-ia-145,4,366711,287,64655181
Palo Alto,IA,us-ia-147,2,293980,287,64655181
Plymouth,IA,us-ia-149,3,582515,287,64655181
Pocahontas,IA,us-ia-151,3,210881,287,64655181
Polk,IA,us-ia-153,9,6482228,287,64655181
Pottawattamie,IA,us-ia-155,3,399980,287,64655181
Poweshiek,IA,us-ia-157,4,395274,287,64655181
Sac,IA,us-ia-161,4,236276,287,64655181
Scott,IA,us-ia-163,4,1806463,287,64655181
Shelby,IA,us-ia-165,3,370500,287,64655181
Sioux,IA,us-ia-167,7,2307608,287,64655181
Story,IA,us-ia-169,7,1224685,287,64655181
Tama,IA,us-ia-171,3,277686,287,64655181
Union,IA,us-ia-175,2,323354,287,64655181
Van Buren,IA,us-ia-177,3,212611,287,64655181
Wapello,IA,us-ia-179,1,397514,287,64655181
Warren,IA,us-ia-181,3,673316,287,64655181
Washington,IA,us-ia-183,4,414175,287,64655181
Wayne,IA,us-ia-185,1,98124,287,64655181
Webster,IA,us-ia-187,2,1196818,287,64655181
Winnebago,IA,us-ia-189,3,630869,287,64655181
Winneshiek,IA,us-ia-191,2,492731,287,64655181
Woodbury,IA,us-ia-193,3,282858,287,64655181
Worth,IA,us-ia-195,1,169619,287,64655181
Wright,IA,us-ia-197,1,98466,287,64655181
Ada,ID,us-id-001,2,493618,11,4449441
Bonneville,ID,us-id-019,2,1262891,11,4449441
Kootenai,ID,us-id-055,3,746667,11,4449441
Minidoka,ID,us-id-067,1,1174817,11,4449441
Oneida,ID,us-id-071,1,215972,11,4449441
Twin Falls,ID,us-id-083,1,432005,11,4449441
Valley,ID,us-id-085,1,123471,11,4449441
Adams,IL,us-il-001,9,1161716,340,260917223
Boone,IL,us-il-007,1,81736,340,260917223
Brown,IL,us-il-009,2,184380,340,260917223
Bureau,IL,us-il-011,4,375297,340,260917223
Calhoun,IL,us-il-013,2,172340,340,260917223
Carroll,IL,us-il-015,4,459813,340,260917223
Cass,IL,us-il-017,2,369504,340,260917223
Champaign,IL,us-il-019,7,5003153,340,260917223
Christian,IL,us-il-021,3,444872,340,260917223
Clark,IL,us-il-023,2,290501,340,260917223
Clay,IL,us-il-025,4,320573,340,260917223
Clinton,IL,us-il-027,4,1005238,340,260917223
Cook,IL,us-il-031,52,171527969,340,260917223
Crawford,IL,us-il-033,1,40327,340,260917223
De Witt,IL,us-il-039,1,17016,340,260917223
DeKalb,IL,us-il-037,2,546049,340,260917223
Douglas,IL,us-il-041,2,188124,340,260917223
DuPage,IL,us-il-043,13,20026833,340,260917223
Edgar,IL,us-il-045,3,908439,340,260917223
Edwards,IL,us-il-047,1,17919,340,260917223
Effingham,IL,us-il-049,4,3186963,340,260917223
Fayette,IL,us-il-051,2,73505,340,260917223
Ford,IL,us-il-053,2,197618,340,260917223
Franklin,IL,us-il-055,1,122959,340,260917223
Fulton,IL,us-il-057,6,532923,340,260917223
Greene,IL,us-il-061,1,1186695,340,260917223
Grundy,IL,us-il-063,2,412530,340,260917223
Hancock,IL,us-il-067,3,317777,340,260917223
Henderson,IL,us-il-071,2,241319,340,260917223
Henry,IL,us-il-073,4,1228753,340,260917223
Iroquois,IL,us-il-075,7,612405,340,260917223
Jackson,IL,us-il-077,3,390621,340,260917223
Jasper,IL,us-il-079,2,376477,340,260917223
Jefferson,IL,us-il-081,2,175402,340,260917223
Jersey,IL,us-il-083,1,138464,340,260917223
Jo Daviess,IL,us-il-085,1,283168,340,260917223
Johnson,IL,us-il-087,1,50766,340,260917223
Kane,IL,us-il-089,7,1559702,340,260917223
Kankakee,IL,us-il-091,6,1237394,340,260917223
Knox,IL,us-il-095,4,444325,340,260917223
La Salle,IL,us-il-099,7,2113921,340,260917223
Lake,IL,us-il-097,7,7070931,340,260917223
Lawrence,IL,us-il-101,1,84154,340,260917223
Lee,IL,us-il-103,3,131295,340,260917223
Livingston,IL,us-il-105,7,1105960,340,260917223
Logan,IL,us-il-107,6,485321,340,260917223
Macon,IL,us-il-115,4,524504,340,260917223
Macoupin,IL,us-il-117,3,89481,340,260917223
Madison,IL,us-il-119,4,2860619,340,260917223
Marion,IL,us-il-121,1,73122,340,260917223
Marshall,IL,us-il-123,3,155896,340,260917223
Mason,IL,us-il-125,2,62119,340,260917223
McDonough,IL,us-il-109,3,170509,340,260917223
McHenry,IL,us-il-111,5,1110213,340,260917223
McLean,IL,us-il-113,4,2629781,340,260917223
Menard,IL,us-il-129,1,127084,340,260917223
Mercer,IL,us-il-131,2,112969,340,260917223
Monroe,IL,us-il-133,1,153023,340,260917223
Montgomery,IL,us-il-135,2,347976,340,260917223
Morgan,IL,us-il-137,3,421418,340,260917223
Moultrie,IL,us-il-139,3,297851,340,260917223
Ogle,IL,us-il-141,3,588908,340,260917223
Peoria,IL,us-il-143,8,1705792,340,260917223
Perry,IL,us-il-145,2,218535,340,260917223
Piatt,IL,us-il-147,3,337068,340,260917223
Pike,IL,us-il-149,1,239192,340,260917223
Pulaski,IL,us-il-153,2,107328,340,260917223
Putnam,IL,us-il-155,1,133171,340,260917223
Richland,IL,us-il-159,1,175949,340,260917223
Rock Island,IL,us-il-161,4,1353349,340,260917223
Saline,IL,us-il-165,1,302185,340,260917223
Sangamon,IL,us-il-167,9,4406666,340,260917223
Schuyler,IL,us-il-169,1,96421,340,260917223
Scott,IL,us-il-171,1,55917,340,260917223
Shelby,IL,us-il-173,2,263648,340,260917223
St. Clair,IL,us-il-163,6,1077389,340,260917223
Stark,IL,us-il-175,2,387490,340,260917223
Stephenson,IL,us-il-177,8,1361005,340,260917223
Tazewell,IL,us-il-179,4,3225564,340,260917223
Union,IL,us-il-181,3,315624,340,260917223
Vermilion,IL,us-il-183,1,24205,340,260917223
Warren,IL,us-il-187,1,434606,340,260917223
Washington,IL,us-il-189,2,107927,340,260917223
Whiteside,IL,us-il-195,3,803045,340,260917223
Will,IL,us-il-197,7,1883434,340,260917223
Williamson,IL,us-il-199,5,2361977,340,260917223
Winnebago,IL,us-il-201,6,2812205,340,260917223
Woodford,IL,us-il-203,1,98911,340,260917223
Adams,IN,us-in-001,2,781314,81,43881295
Allen,IN,us-in-003,2,2759782,81,43881295
Benton,IN,us-in-007,2,266307,81,43881295
Cass,IN,us-in-017,2,281907,81,43881295
Clark,IN,us-in-019,2,981854,81,43881295
Clinton,IN,us-in-023,1,479891,81,43881295
DeKalb,IN,us-in-033,1,213704,81,43881295
Decatur,IN,us-in-031,1,3245400,81,43881295
Delaware,IN,us-in-035,1,1444076,81,43881295
Dubois,IN,us-in-037,2,2617472,81,43881295
Elkhart,IN,us-in-039,1,444708,81,43881295
Floyd,IN,us-in-043,1,1436835,81,43881295
Fountain,IN,us-in-045,2,344323,81,43881295
Franklin,IN,us-in-047,1,142803,81,43881295
Grant,IN,us-in-053,3,233466,81,43881295
Greene,IN,us-in-055,1,388571,81,43881295
Hamilton,IN,us-in-057,1,2225005,81,43881295
Hancock,IN,us-in-059,1,473199,81,43881295
Hendricks,IN,us-in-063,3,749184,81,43881295
Henry,IN,us-in-065,2,947549,81,43881295
Howard,IN,us-in-067,1,221848,81,43881295
Huntington,IN,us-in-069,2,408514,81,43881295
Jackson,IN,us-in-071,3,762662,81,43881295
Jasper,IN,us-in-073,1,365758,81,43881295
Jefferson,IN,us-in-077,1,518966,81,43881295
Kosciusko,IN,us-in-085,2,3696263,81,43881295
Lagrange,IN,us-in-087,1,582647,81,43881295
Lake,IN,us-in-089,2,3048116,81,43881295
Marion,IN,us-in-097,3,1914482,81,43881295
Miami,IN,us-in-103,1,1443344,81,43881295
Monroe,IN,us-in-105,1,225408,81,43881295
Montgomery,IN,us-in-107,1,155511,81,43881295
Morgan,IN,us-in-109,1,424105,81,43881295
Newton,IN,us-in-111,2,356427,81,43881295
Noble,IN,us-in-113,3,667844,81,43881295
Orange,IN,us-in-117,1,287546,81,43881295
Owen,IN,us-in-119,2,253473,81,43881295
Porter,IN,us-in-127,1,146120,81,43881295
Posey,IN,us-in-129,1,70356,81,43881295
Pulaski,IN,us-in-131,1,302955,81,43881295
Putnam,IN,us-in-133,1,191854,81,43881295
Ripley,IN,us-in-137,2,530460,81,43881295
Scott,IN,us-in-143,1,148242,81,43881295
Spencer,IN,us-in-147,1,111173,81,43881295
St. Joseph,IN,us-in-141,1,5001255,81,43881295
Tippecanoe,IN,us-in-157,1,159375,81,43881295
Vanderburgh,IN,us-in-163,2,509351,81,43881295
Vigo,IN,us-in-167,1,71915,81,43881295
Warrick,IN,us-in-173,3,345162,81,43881295
Wayne,IN,us-in-177,1,132942,81,43881295
Wells,IN,us-in-179,1,97588,81,43881295
White,IN,us-in-181,3,272283,81,43881295
Anderson,KS,us-ks-003,3,285604,223,37471045
Barber,KS,us-ks-007,1,75950,223,37471045
Barton,KS,us-ks-009,4,1434004,223,37471045
Bourbon,KS,us-ks-011,2,83987,223,37471045
Brown,KS,us-ks-013,3,378997,223,37471045
Butler,KS,us-ks-015,6,1773482,223,37471045
Chase,KS,us-ks-017,1,35376,223,37471045
Cherokee,KS,us-ks-021,3,139551,223,37471045
Clark,KS,us-ks-025,1,122955,223,37471045
Clay,KS,us-ks-027,1,136251,223,37471045
Cloud,KS,us-ks-029,2,71969,223,37471045
Coffey,KS,us-ks-031,2,313164,223,37471045
Comanche,KS,us-ks-033,2,115033,223,37471045
Cowley,KS,us-ks-035,3,564912,223,37471045
Crawford,KS,us-ks-037,1,114841,223,37471045
Decatur,KS,us-ks-039,1,348031,223,37471045
Dickinson,KS,us-ks-041,3,234733,223,37471045
Doniphan,KS,us-ks-043,3,134678,223,37471045
Douglas,KS,us-ks-045,5,886580,223,37471045
Elk,KS,us-ks-049,1,53724,223,37471045
Ellis,KS,us-ks-051,1,263497,223,37471045
Ellsworth,KS,us-ks-053,4,344369,223,37471045
Finney,KS,us-ks-055,1,446757,223,37471045
Ford,KS,us-ks-057,3,263147,223,37471045
Franklin,KS,us-ks-059,1,125972,223,37471045
Geary,KS,us-ks-061,1,34090,223,37471045
Gove,KS,us-ks-063,1,54530,223,37471045
Graham,KS,us-ks-065,1,38206,223,37471045
Grant,KS,us-ks-067,1,231958,223,37471045
Greenwood,KS,us-ks-073,1,92353,223,37471045
Hamilton,KS,us-ks-075,1,105627,223,37471045
Harper,KS,us-ks-077,1,24728,223,37471045
Harvey,KS,us-ks-079,4,303727,223,37471045
Haskell,KS,us-ks-081,1,267473,223,37471045
Jackson,KS,us-ks-085,2,358846,223,37471045
Jefferson,KS,us-ks-087,2,66248,223,37471045
Jewell,KS,us-ks-089,1,36395,223,37471045
Johnson,KS,us-ks-091,16,5514590,223,37471045
Kearny,KS,us-ks-093,1,191498,223,37471045
Kingman,KS,us-ks-095,2,455712,223,37471045
Kiowa,KS,us-ks-097,2,101677,223,37471045
Labette,KS,us-ks-099,3,736323,223,37471045
Lane,KS,us-ks-101,1,84690,223,37471045
Leavenworth,KS,us-ks-103,1,245914,223,37471045
Linn,KS,us-ks-107,3,98409,223,37471045
Logan,KS,us-ks-109,1,123268,223,37471045
Lyon,KS,us-ks-111,3,387330,223,37471045
Marion,KS,us-ks-115,3,110437,223,37471045
Marshall,KS,us-ks-117,4,1006262,223,37471045
McPherson,KS,us-ks-113,6,1075571,223,37471045
Meade,KS,us-ks-119,2,198850,223,37471045
Miami,KS,us-ks-121,2,360499,223,37471045
Mitchell,KS,us-ks-123,2,269408,223,37471045
Montgomery,KS,us-ks-125,3,296241,223,37471045
Morris,KS,us-ks-127,2,202231,223,37471045
Nemaha,KS,us-ks-131,3,252943,223,37471045
Neosho,KS,us-ks-133,2,255801,223,37471045
Ness,KS,us-ks-135,2,112586,223,37471045
Norton,KS,us-ks-137,2,462431,223,37471045
Osage,KS,us-ks-139,3,181516,223,37471045
Osborne,KS,us-ks-141,3,279908,223,37471045
Ottawa,KS,us-ks-143,1,330280,223,37471045
Pawnee,KS,us-ks-145,1,131584,223,37471045
Phillips,KS,us-ks-147,1,34504,223,37471045
Pottawatomie,KS,us-ks-149,5,603578,223,37471045
Pratt,KS,us-ks-151,1,355373,223,37471045
Rawlins,KS,us-ks-153,3,245635,223,37471045
Reno,KS,us-ks-155,1,264981,223,37471045
Republic,KS,us-ks-157,4,415373,223,37471045
Rice,KS,us-ks-159,3,260026,223,37471045
Riley,KS,us-ks-161,3,1496549,223,37471045
Rooks,KS,us-ks-163,1,62570,223,37471045
Rush,KS,us-ks-165,2,55754,223,37471045
Russell,KS,us-ks-167,1,31930,223,37471045
Saline,KS,us-ks-169,3,1100918,223,37471045
Scott,KS,us-ks-171,1,209373,223,37471045
Sedgwick,KS,us-ks-173,9,2467702,223,37471045
Seward,KS,us-ks-175,1,105049,223,37471045
Shawnee,KS,us-ks-177,9,2382304,223,37471045
Sheridan,KS,us-ks-179,1,149502,223,37471045
Sherman,KS,us-ks-181,1,94214,223,37471045
Stafford,KS,us-ks-185,2,202745,223,37471045
Stanton,KS,us-ks-187,1,75307,223,37471045
Stevens,KS,us-ks-189,1,120256,223,37471045
Sumner,KS,us-ks-191,7,574937,223,37471045
Thomas,KS,us-ks-193,1,174175,223,37471045
Trego,KS,us-ks-195,1,65074,223,37471045
Wabaunsee,KS,us-ks-197,3,219438,223,37471045
Washington,KS,us-ks-201,1,42209,223,37471045
Wilson,KS,us-ks-205,2,154425,223,37471045
Woodson,KS,us-ks-207,1,25964,223,37471045
Wyandotte,KS,us-ks-209,4,1653476,223,37471045
Adair,KY,us-ky-001,2,260146,139,46855373
Anderson,KY,us-ky-005,1,115000,139,46855373
Barren,KY,us-ky-009,2,1311893,139,46855373
Bath,KY,us-ky-011,1,61296,139,46855373
Bell,KY,us-ky-013,2,681675,139,46855373
Bourbon,KY,us-ky-017,1,851343,139,46855373
Boyd,KY,us-ky-019,1,173397,139,46855373
Boyle,KY,us-ky-021,1,70616,139,46855373
Breathitt,KY,us-ky-025,1,156252,139,46855373
Breckinridge,KY,us-ky-027,2,275009,139,46855373
Bullitt,KY,us-ky-029,2,318764,139,46855373
Butler,KY,us-ky-031,1,159964,139,46855373
Caldwell,KY,us-ky-033,2,195784,139,46855373
Campbell,KY,us-ky-037,1,244274,139,46855373
Carlisle,KY,us-ky-039,1,179312,139,46855373
Carter,KY,us-ky-043,1,175372,139,46855373
Casey,KY,us-ky-045,2,211867,139,46855373
Christian,KY,us-ky-047,3,2033459,139,46855373
Clark,KY,us-ky-049,1,55994,139,46855373
Clinton,KY,us-ky-053,1,33763,139,46855373
Crittenden,KY,us-ky-055,2,177013,139,46855373
Cumberland,KY,us-ky-057,1,69913,139,46855373
Daviess,KY,us-ky-059,2,2213250,139,46855373
Edmonson,KY,us-ky-061,1,198154,139,46855373
Fayette,KY,us-ky-067,5,4085159,139,46855373
Fleming,KY,us-ky-069,1,259564,139,46855373
Floyd,KY,us-ky-071,2,352363,139,46855373
Franklin,KY,us-ky-073,2,760533,139,46855373
Fulton,KY,us-ky-075,1,113216,139,46855373
Graves,KY,us-ky-083,2,806598,139,46855373
Grayson,KY,us-ky-085,3,292180,139,46855373
Greenup,KY,us-ky-089,1,199591,139,46855373
Hancock,KY,us-ky-091,1,263496,139,46855373
Hardin,KY,us-ky-093,4,1197833,139,46855373
Harlan,KY,us-ky-095,1,125297,139,46855373
Harrison,KY,us-ky-097,1,133061,139,46855373
Hart,KY,us-ky-099,1,28212,139,46855373
Henderson,KY,us-ky-101,1,389805,139,46855373
Henry,KY,us-ky-103,1,108970,139,46855373
Hickman,KY,us-ky-105,2,238548,139,46855373
Hopkins,KY,us-ky-107,1,203645,139,46855373
Jackson,KY,us-ky-109,1,129968,139,46855373
Jefferson,KY,us-ky-111,9,9506914,139,46855373
Jessamine,KY,us-ky-113,1,114086,139,46855373
Kenton,KY,us-ky-117,1,538996,139,46855373
Knott,KY,us-ky-119,1,178076,139,46855373
Larue,KY,us-ky-123,2,247363,139,46855373
Lawrence,KY,us-ky-127,1,31615,139,46855373
Leslie,KY,us-ky-131,1,126603,139,46855373
Lewis,KY,us-ky-135,2,437385,139,46855373
Lincoln,KY,us-ky-137,1,104164,139,46855373
Logan,KY,us-ky-141,2,180476,139,46855373
Madison,KY,us-ky-151,3,663845,139,46855373
Marion,KY,us-ky-155,1,53437,139,46855373
Marshall,KY,us-ky-157,1,766817,139,46855373
Martin,KY,us-ky-159,1,153588,139,46855373
Mason,KY,us-ky-161,2,172766,139,46855373
McCracken,KY,us-ky-145,1,546264,139,46855373
McCreary,KY,us-ky-147,1,280963,139,46855373
McLean,KY,us-ky-149,1,69909,139,46855373
Meade,KY,us-ky-163,1,187660,139,46855373
Montgomery,KY,us-ky-173,1,1180109,139,46855373
Morgan,KY,us-ky-175,2,214363,139,46855373
Muhlenberg,KY,us-ky-177,1,101259,139,46855373
Nelson,KY,us-ky-179,3,883758,139,46855373
Ohio,KY,us-ky-183,3,273853,139,46855373
Owen,KY,us-ky-187,2,168404,139,46855373
Owsley,KY,us-ky-189,1,51290,139,46855373
Perry,KY,us-ky-193,2,471399,139,46855373
Pike,KY,us-ky-195,1,3745549,139,46855373
Powell,KY,us-ky-197,1,334991,139,46855373
Pulaski,KY,us-ky-199,1,171261,139,46855373
Rockcastle,KY,us-ky-203,1,143520,139,46855373
Rowan,KY,us-ky-205,1,127758,139,46855373
Russell,KY,us-ky-207,1,174775,139,46855373
Shelby,KY,us-ky-211,1,527887,139,46855373
Simpson,KY,us-ky-213,1,404790,139,46855373
Spencer,KY,us-ky-215,1,109757,139,46855373
Taylor,KY,us-ky-217,2,391183,139,46855373
Todd,KY,us-ky-219,1,129442,139,46855373
Trigg,KY,us-ky-221,1,107037,139,46855373
Trimble,KY,us-ky-223,2,309170,139,46855373
Union,KY,us-ky-225,1,220655,139,46855373
Warren,KY,us-ky-227,2,690028,139,46855373
Washington,KY,us-ky-229,1,294296,139,46855373
Wayne,KY,us-ky-231,1,549018,139,46855373
Webster,KY,us-ky-233,2,110596,139,46855373
Whitley,KY,us-ky-235,1,144021,139,46855373
Wolfe,KY,us-ky-237,1,46581,139,46855373
Woodford,KY,us-ky-239,1,506147,139,46855373
Acadia,LA,us-la-001,3,818698,104,57854445
Avoyelles,LA,us-la-009,3,646795,104,57854445
Beauregard,LA,us-la-011,1,307240,104,57854445
Bienville,LA,us-la-013,2,407589,104,57854445
Bossier,LA,us-la-015,1,32216,104,57854445
Caddo,LA,us-la-017,1,145629,104,57854445
Calcasieu,LA,us-la-019,1,146190,104,57854445
Caldwell,LA,us-la-021,1,169919,104,57854445
Catahoula,LA,us-la-025,3,516927,104,57854445
Concordia,LA,us-la-029,2,778649,104,57854445
De Soto,LA,us-la-031,1,427625,104,57854445
East Baton Rouge,LA,us-la-033,3,2235852,104,57854445
East Feliciana,LA,us-la-037,3,356671,104,57854445
Evangeline,LA,us-la-039,3,882208,104,57854445
Franklin,LA,us-la-041,3,412126,104,57854445
Grant,LA,us-la-043,2,318346,104,57854445
Iberia,LA,us-la-045,1,322215,104,57854445
Iberville,LA,us-la-047,4,676973,104,57854445
Jackson,LA,us-la-049,4,371659,104,57854445
Jefferson,LA,us-la-051,1,355420,104,57854445
Jefferson Davis,LA,us-la-053,2,997079,104,57854445
Lafayette,LA,us-la-055,1,19151660,104,57854445
Lafourche,LA,us-la-057,3,864533,104,57854445
Lincoln,LA,us-la-061,1,3810829,104,57854445
Morehouse,LA,us-la-067,2,93515,104,57854445
Natchitoches,LA,us-la-069,2,357811,104,57854445
Orleans,LA,us-la-071,6,7939866,104,57854445
Ouachita,LA,us-la-073,2,1166306,104,57854445
Plaquemines,LA,us-la-075,1,141735,104,57854445
Pointe Coupee,LA,us-la-077,2,410898,104,57854445
Rapides,LA,us-la-079,1,1448985,104,57854445
Red River,LA,us-la-081,1,206553,104,57854445
Richland,LA,us-la-083,3,561740,104,57854445
Sabine,LA,us-la-085,1,790820,104,57854445
St. James,LA,us-la-093,1,821121,104,57854445
St. Landry,LA,us-la-097,5,958903,104,57854445
St. Martin,LA,us-la-099,3,937046,104,57854445
St. Mary,LA,us-la-101,2,583508,104,57854445
St. Tammany,LA,us-la-103,3,797364,104,57854445
Tangipahoa,LA,us-la-105,1,1506199,104,57854445
Tensas,LA,us-la-107,2,464757,104,57854445
Terrebonne,LA,us-la-109,3,1385917,104,57854445
Union,LA,us-la-111,1,172507,104,57854445
Vermilion,LA,us-la-113,6,956483,104,57854445
Vernon,LA,us-la-115,2,398019,104,57854445
Webster,LA,us-la-119,1,297857,104,57854445
West Carroll,LA,us-la-123,1,51645,104,57854445
West Feliciana,LA,us-la-125,1,109425,104,57854445
Winn,LA,us-la-127,1,142417,104,57854445
Barnstable,MA,us-ma-001,1,249500,42,349900646
Berkshire,MA,us-ma-003,1,7504005,42,349900646
Bristol,MA,us-ma-005,4,1899195,42,349900646
Dukes,MA,us-ma-007,1,629807,42,349900646
Essex,MA,us-ma-009,3,851651,42,349900646
Franklin,MA,us-ma-011,1,529505,42,349900646
Hampden,MA,us-ma-013,1,162404,42,349900646
Hampshire,MA,us-ma-015,1,1380238,42,349900646
Middlesex,MA,us-ma-017,9,12005901,42,349900646
Norfolk,MA,us-ma-021,9,7468808,42,349900646
Plymouth,MA,us-ma-023,3,7765681,42,349900646
Suffolk,MA,us-ma-025,5,306813770,42,349900646
Worcester,MA,us-ma-027,3,2640181,42,349900646
Anne Arundel,MD,us-md-003,1,401831,42,28060265
Baltimore,MD,us-md-005,6,1454352,42,28060265
Baltimore (City),MD,us-md-510,3,1111091,42,28060265
Caroline,MD,us-md-011,1,292841,42,28060265
Carroll,MD,us-md-013,2,414390,42,28060265
Cecil,MD,us-md-015,1,301829,42,28060265
Charles,MD,us-md-017,2,1346622,42,28060265
Dorchester,MD,us-md-019,1,192823,42,28060265
Frederick,MD,us-md-021,4,995731,42,28060265
Garrett,MD,us-md-023,1,1335632,42,28060265
Harford,MD,us-md-025,1,307522,42,28060265
Howard,MD,us-md-027,2,2825310,42,28060265
Kent,MD,us-md-029,2,323219,42,28060265
Montgomery,MD,us-md-031,5,11489063,42,28060265
Prince George's,MD,us-md-033,2,2052670,42,28060265
Queen Anne's,MD,us-md-035,2,926655,42,28060265
Talbot,MD,us-md-041,2,708631,42,28060265
Wicomico,MD,us-md-045,2,850407,42,28060265
Worcester,MD,us-md-047,2,729646,42,28060265
Androscoggin,ME,us-me-001,1,849030,5,3609572
Franklin,ME,us-me-007,1,341053,5,3609572
Hancock,ME,us-me-009,1,1559170,5,3609572
Lincoln,ME,us-me-015,1,179113,5,3609572
Penobscot,ME,us-me-019,1,681206,5,3609572
Alger,MI,us-mi-003,1,122495,86,42718491
Antrim,MI,us-mi-009,1,169059,86,42718491
Barry,MI,us-mi-015,1,299816,86,42718491
Benzie,MI,us-mi-019,4,404822,86,42718491
Branch,MI,us-mi-023,2,830622,86,42718491
Cass,MI,us-mi-027,1,62347,86,42718491
Charlevoix,MI,us-mi-029,1,167593,86,42718491
Chippewa,MI,us-mi-033,2,350430,86,42718491
Delta,MI,us-mi-041,4,694476,86,42718491
Emmet,MI,us-mi-047,2,675031,86,42718491
Genesee,MI,us-mi-049,1,415611,86,42718491
Gogebic,MI,us-mi-053,1,67494,86,42718491
Grand Traverse,MI,us-mi-055,1,276454,86,42718491
Gratiot,MI,us-mi-057,1,375520,86,42718491
Huron,MI,us-mi-063,4,676757,86,42718491
Ingham,MI,us-mi-065,3,487861,86,42718491
Ionia,MI,us-mi-067,1,165028,86,42718491
Iosco,MI,us-mi-069,1,186147,86,42718491
Iron,MI,us-mi-071,1,117537,86,42718491
Isabella,MI,us-mi-073,1,1533977,86,42718491
Jackson,MI,us-mi-075,2,135871,86,42718491
Kalamazoo,MI,us-mi-077,1,97098,86,42718491
Kent,MI,us-mi-081,6,6752484,86,42718491
Lake,MI,us-mi-085,1,198118,86,42718491
Lapeer,MI,us-mi-087,1,317400,86,42718491
Lenawee,MI,us-mi-091,1,94619,86,42718491
Macomb,MI,us-mi-099,1,647282,86,42718491
Mason,MI,us-mi-105,1,365515,86,42718491
Midland,MI,us-mi-111,1,7708944,86,42718491
Monroe,MI,us-mi-115,1,1291194,86,42718491
Montcalm,MI,us-mi-117,1,51147,86,42718491
Muskegon,MI,us-mi-121,1,188666,86,42718491
Oakland,MI,us-mi-125,10,8518746,86,42718491
Oceana,MI,us-mi-127,1,218269,86,42718491
Ontonagon,MI,us-mi-131,2,109351,86,42718491
Ottawa,MI,us-mi-139,3,2778827,86,42718491
Saginaw,MI,us-mi-145,3,447991,86,42718491
Sanilac,MI,us-mi-151,3,670532,86,42718491
Schoolcraft,MI,us-mi-153,2,836989,86,42718491
St. Clair,MI,us-mi-147,1,240598,86,42718491
Tuscola,MI,us-mi-157,1,91054,86,42718491
Van Buren,MI,us-mi-159,1,56587,86,42718491
Washtenaw,MI,us-mi-161,5,2559903,86,42718491
Wayne,MI,us-mi-163,2,262229,86,42718491
Aitkin,MN,us-mn-001,2,136147,257,42002474
Anoka,MN,us-mn-003,3,338028,257,42002474
Becker,MN,us-mn-005,2,382872,257,42002474
Beltrami,MN,us-mn-007,1,127736,257,42002474
Blue Earth,MN,us-mn-013,4,720617,257,42002474
Brown,MN,us-mn-015,4,769017,257,42002474
Carver,MN,us-mn-019,3,302593,257,42002474
Cass,MN,us-mn-021,1,108056,257,42002474
Chippewa,MN,us-mn-023,2,645653,257,42002474
Chisago,MN,us-mn-025,3,628336,257,42002474
Clay,MN,us-mn-027,1,104395,257,42002474
Clearwater,MN,us-mn-029,2,83374,257,42002474
Cook,MN,us-mn-031,1,82031,257,42002474
Cottonwood,MN,us-mn-033,2,590143,257,42002474
Crow Wing,MN,us-mn-035,1,568838,257,42002474
Dakota,MN,us-mn-037,8,1286721,257,42002474
Dodge,MN,us-mn-039,3,185845,257,42002474
Douglas,MN,us-mn-041,1,147560,257,42002474
Faribault,MN,us-mn-043,8,635210,257,42002474
Fillmore,MN,us-mn-045,4,258083,257,42002474
Freeborn,MN,us-mn-047,5,483915,257,42002474
Goodhue,MN,us-mn-049,6,688303,257,42002474
Grant,MN,us-mn-051,2,61064,257,42002474
Hennepin,MN,us-mn-053,25,7794930,257,42002474
Houston,MN,us-mn-055,1,91525,257,42002474
Isanti,MN,us-mn-059,3,441069,257,42002474
Itasca,MN,us-mn-061,4,949796,257,42002474
Jackson,MN,us-mn-063,2,53996,257,42002474
Kandiyohi,MN,us-mn-067,4,312684,257,42002474
Kittson,MN,us-mn-069,1,59291,257,42002474
Lac qui Parle,MN,us-mn-073,2,59193,257,42002474
Lake,MN,us-mn-075,1,112887,257,42002474
Le Sueur,MN,us-mn-079,4,362978,257,42002474
Lincoln,MN,us-mn-081,2,42475,257,42002474
Lyon,MN,us-mn-083,3,387517,257,42002474
Marshall,MN,us-mn-089,2,82320,257,42002474
Martin,MN,us-mn-091,7,630734,257,42002474
McLeod,MN,us-mn-085,3,716236,257,42002474
Meeker,MN,us-mn-093,5,275303,257,42002474
Morrison,MN,us-mn-097,4,400773,257,42002474
Mower,MN,us-mn-099,5,646442,257,42002474
Murray,MN,us-mn-101,2,111268,257,42002474
Nicollet,MN,us-mn-103,2,297391,257,42002474
Nobles,MN,us-mn-105,2,94821,257,42002474
Norman,MN,us-mn-107,2,56637,257,42002474
Olmsted,MN,us-mn-109,3,248992,257,42002474
Otter Tail,MN,us-mn-111,5,571693,257,42002474
Pennington,MN,us-mn-113,1,299795,257,42002474
Pine,MN,us-mn-115,1,334133,257,42002474
Pipestone,MN,us-mn-117,1,236538,257,42002474
Polk,MN,us-mn-119,2,207016,257,42002474
Pope,MN,us-mn-121,4,441467,257,42002474
Ramsey,MN,us-mn-123,6,1623191,257,42002474
Red Lake,MN,us-mn-125,2,108934,257,42002474
Redwood,MN,us-mn-127,4,1774456,257,42002474
Renville,MN,us-mn-129,4,233870,257,42002474
Rice,MN,us-mn-131,6,2213471,257,42002474
Rock,MN,us-mn-133,1,152975,257,42002474
Roseau,MN,us-mn-135,3,677843,257,42002474
Scott,MN,us-mn-139,3,266505,257,42002474
Sherburne,MN,us-mn-141,3,2306343,257,42002474
Sibley,MN,us-mn-143,2,84898,257,42002474
St. Louis,MN,us-mn-137,6,919675,257,42002474
Stearns,MN,us-mn-145,13,1388099,257,42002474
Steele,MN,us-mn-147,2,128019,257,42002474
Swift,MN,us-mn-151,3,164147,257,42002474
Traverse,MN,us-mn-155,2,99905,257,42002474
Wabasha,MN,us-mn-157,4,1073652,257,42002474
Wadena,MN,us-mn-159,1,117795,257,42002474
Waseca,MN,us-mn-161,3,457361,257,42002474
Washington,MN,us-mn-163,4,819295,257,42002474
Watonwan,MN,us-mn-165,1,41161,257,42002474
Wilkin,MN,us-mn-167,1,17662,257,42002474
Winona,MN,us-mn-169,2,111995,257,42002474
Wright,MN,us-mn-171,7,1223234,257,42002474
Yellow Medicine,MN,us-mn-173,2,343551,257,42002474
Adair,MO,us-mo-001,3,643582,259,106977271
Atchison,MO,us-mo-005,1,87673,259,106977271
Audrain,MO,us-mo-007,2,352469,259,106977271
Barry,MO,us-mo-009,3,518875,259,106977271
Barton,MO,us-mo-011,2,162991,259,106977271
Bates,MO,us-mo-013,4,409800,259,106977271
Benton,MO,us-mo-015,2,222660,259,106977271
Boone,MO,us-mo-019,3,2295609,259,106977271
Buchanan,MO,us-mo-021,1,88601,259,106977271
Butler,MO,us-mo-023,5,2763829,259,106977271
Caldwell,MO,us-mo-025,3,324987,259,106977271
Callaway,MO,us-mo-027,3,465694,259,106977271
Camden,MO,us-mo-029,3,697718,259,106977271
Cape Girardeau,MO,us-mo-031,2,294030,259,106977271
Carroll,MO,us-mo-033,2,238983,259,106977271
Carter,MO,us-mo-035,1,155930,259,106977271
Cass,MO,us-mo-037,5,491892,259,106977271
Cedar,MO,us-mo-039,1,106078,259,106977271
Chariton,MO,us-mo-041,4,486525,259,106977271
Christian,MO,us-mo-043,2,254775,259,106977271
Clark,MO,us-mo-045,3,282115,259,106977271
Clay,MO,us-mo-047,5,1353761,259,106977271
Clinton,MO,us-mo-049,3,353429,259,106977271
Cole,MO,us-mo-051,6,4793947,259,106977271
Cooper,MO,us-mo-053,1,108400,259,106977271
Crawford,MO,us-mo-055,1,189949,259,106977271
Dallas,MO,us-mo-059,2,354173,259,106977271
Daviess,MO,us-mo-061,1,138081,259,106977271
DeKalb,MO,us-mo-063,4,178586,259,106977271
Dent,MO,us-mo-065,3,717587,259,106977271
Dunklin,MO,us-mo-069,1,68960,259,106977271
Franklin,MO,us-mo-071,7,1899534,259,106977271
Gentry,MO,us-mo-075,1,60850,259,106977271
Greene,MO,us-mo-077,7,3490031,259,106977271
Harrison,MO,us-mo-081,1,373837,259,106977271
Henry,MO,us-mo-083,1,45579,259,106977271
Holt,MO,us-mo-087,1,59102,259,106977271
Howard,MO,us-mo-089,3,342846,259,106977271
Howell,MO,us-mo-091,2,496633,259,106977271
Jackson,MO,us-mo-095,12,28277155,259,106977271
Jasper,MO,us-mo-097,1,645141,259,106977271
Jefferson,MO,us-mo-099,4,1501236,259,106977271
Johnson,MO,us-mo-101,2,378799,259,106977271
Knox,MO,us-mo-103,1,68295,259,106977271
Laclede,MO,us-mo-105,2,358289,259,106977271
Lafayette,MO,us-mo-107,5,517386,259,106977271
Lawrence,MO,us-mo-109,1,98946,259,106977271
Lewis,MO,us-mo-111,3,297807,259,106977271
Lincoln,MO,us-mo-113,3,823798,259,106977271
Linn,MO,us-mo-115,1,165097,259,106977271
Livingston,MO,us-mo-117,3,1099931,259,106977271
Macon,MO,us-mo-121,2,313134,259,106977271
Madison,MO,us-mo-123,1,324017,259,106977271
Maries,MO,us-mo-125,1,445971,259,106977271
Marion,MO,us-mo-127,1,175668,259,106977271
McDonald,MO,us-mo-119,1,136226,259,106977271
Miller,MO,us-mo-131,3,306299,259,106977271
Mississippi,MO,us-mo-133,2,835712,259,106977271
Moniteau,MO,us-mo-135,1,57936,259,106977271
Monroe,MO,us-mo-137,1,146977,259,106977271
Montgomery,MO,us-mo-139,3,450527,259,106977271
Morgan,MO,us-mo-141,1,231192,259,106977271
New Madrid,MO,us-mo-143,2,307448,259,106977271
Newton,MO,us-mo-145,2,449038,259,106977271
Nodaway,MO,us-mo-147,1,826189,259,106977271
Oregon,MO,us-mo-149,1,63879,259,106977271
Osage,MO,us-mo-151,3,747938,259,106977271
Ozark,MO,us-mo-153,1,172897,259,106977271
Pemiscot,MO,us-mo-155,2,438052,259,106977271
Perry,MO,us-mo-157,2,1182973,259,106977271
Pettis,MO,us-mo-159,3,509750,259,106977271
Phelps,MO,us-mo-161,2,501189,259,106977271
Pike,MO,us-mo-163,4,409551,259,106977271
Platte,MO,us-mo-165,3,701943,259,106977271
Polk,MO,us-mo-167,1,229640,259,106977271
Pulaski,MO,us-mo-169,3,366731,259,106977271
Putnam,MO,us-mo-171,2,499691,259,106977271
Ralls,MO,us-mo-173,1,60346,259,106977271
Randolph,MO,us-mo-175,2,246225,259,106977271
Ray,MO,us-mo-177,4,242545,259,106977271
Saline,MO,us-mo-195,2,729859,259,106977271
Scotland,MO,us-mo-199,1,44545,259,106977271
Shannon,MO,us-mo-203,1,47098,259,106977271
Shelby,MO,us-mo-205,2,76910,259,106977271
St. Charles,MO,us-mo-183,3,508054,259,106977271
St. Claire,MO,us-mo-185,1,129581,259,106977271
St. Francois,MO,us-mo-187,1,1762655,259,106977271
St. Louis,MO,us-mo-189,20,18412868,259,106977271
St. Louis (City),MO,us-mo-510,2,5241902,259,106977271
Ste. Genevieve,MO,us-mo-186,2,366322,259,106977271
Stoddard,MO,us-mo-207,2,605819,259,106977271
Stone,MO,us-mo-209,2,4177861,259,106977271
Sullivan,MO,us-mo-211,1,41283,259,106977271
Taney,MO,us-mo-213,3,586464,259,106977271
Texas,MO,us-mo-215,2,103096,259,106977271
Vernon,MO,us-mo-217,3,272944,259,106977271
Warren,MO,us-mo-219,2,228160,259,106977271
Washington,MO,us-mo-221,2,478188,259,106977271
Wayne,MO,us-mo-223,2,453269,259,106977271
Webster,MO,us-mo-225,4,427386,259,106977271
Wright,MO,us-mo-229,2,301342,259,106977271
Adams,MS,us-ms-001,1,354161,69,63668561
Alcorn,MS,us-ms-003,1,96234,69,63668561
Bolivar,MS,us-ms-011,2,231920,69,63668561
Carroll,MS,us-ms-015,1,66412,69,63668561
Chickasaw,MS,us-ms-017,1,156379,69,63668561
Claiborne,MS,us-ms-021,1,298689,69,63668561
Coahoma,MS,us-ms-027,1,223446,69,63668561
Copiah,MS,us-ms-029,1,980285,69,63668561
Covington,MS,us-ms-031,1,67108,69,63668561
Franklin,MS,us-ms-037,1,134900,69,63668561
George,MS,us-ms-039,1,258537,69,63668561
Harrison,MS,us-ms-047,4,22970803,69,63668561
Hinds,MS,us-ms-049,2,462466,69,63668561
Holmes,MS,us-ms-051,1,111475,69,63668561
Humphreys,MS,us-ms-053,2,3197264,69,63668561
Jackson,MS,us-ms-059,1,576314,69,63668561
Jasper,MS,us-ms-061,2,353636,69,63668561
Jefferson,MS,us-ms-063,1,117336,69,63668561
Jones,MS,us-ms-067,1,674257,69,63668561
Kemper,MS,us-ms-069,1,126249,69,63668561
Lafayette,MS,us-ms-071,2,376897,69,63668561
Lauderdale,MS,us-ms-075,1,277464,69,63668561
Leake,MS,us-ms-079,1,56149,69,63668561
Lee,MS,us-ms-081,2,19506981,69,63668561
Leflore,MS,us-ms-083,2,1321238,69,63668561
Lincoln,MS,us-ms-085,1,147102,69,63668561
Marion,MS,us-ms-091,2,585322,69,63668561
Marshall,MS,us-ms-093,4,493286,69,63668561
Monroe,MS,us-ms-095,1,491736,69,63668561
Montgomery,MS,us-ms-097,2,255156,69,63668561
Neshoba,MS,us-ms-099,1,926703,69,63668561
Newton,MS,us-ms-101,1,157965,69,63668561
Noxubee,MS,us-ms-103,1,734403,69,63668561
Panola,MS,us-ms-107,1,514401,69,63668561
Perry,MS,us-ms-111,1,62818,69,63668561
Pike,MS,us-ms-113,1,419526,69,63668561
Pontotoc,MS,us-ms-115,1,265284,69,63668561
Prentiss,MS,us-ms-117,1,290938,69,63668561
Quitman,MS,us-ms-119,1,132939,69,63668561
Scott,MS,us-ms-123,3,923367,69,63668561
Sharkey,MS,us-ms-125,1,129371,69,63668561
Simpson,MS,us-ms-127,2,835833,69,63668561
Stone,MS,us-ms-131,1,186647,69,63668561
Sunflower,MS,us-ms-133,1,825908,69,63668561
Tallahatchie,MS,us-ms-135,1,61866,69,63668561
Tate,MS,us-ms-137,1,199305,69,63668561
Tippah,MS,us-ms-139,1,387987,69,63668561
Union,MS,us-ms-145,1,434075,69,63668561
Wayne,MS,us-ms-153,1,756080,69,63668561
Yalobusha,MS,us-ms-161,1,215035,69,63668561
Yazoo,MS,us-ms-163,1,238908,69,63668561
Big Horn,MT,us-mt-003,1,78504,51,27775081
Broadwater,MT,us-mt-007,1,57059,51,27775081
Cascade,MT,us-mt-013,3,175920,51,27775081
Custer,MT,us-mt-017,1,3039442,51,27775081
Fallon,MT,us-mt-025,1,158766,51,27775081
Flathead,MT,us-mt-029,5,9069347,51,27775081
Gallatin,MT,us-mt-031,4,1257127,51,27775081
Garfield,MT,us-mt-033,1,71737,51,27775081
Granite,MT,us-mt-039,1,66145,51,27775081
Hill,MT,us-mt-041,1,568980,51,27775081
Lake,MT,us-mt-047,2,150723,51,27775081
Lewis and Clark,MT,us-mt-049,3,637523,51,27775081
Lincoln,MT,us-mt-053,1,295996,51,27775081
Madison,MT,us-mt-057,1,138642,51,27775081
Missoula,MT,us-mt-063,3,517244,51,27775081
Musselshell,MT,us-mt-065,1,52854,51,27775081
Phillips,MT,us-mt-071,2,167628,51,27775081
Powder River,MT,us-mt-075,1,47439,51,27775081
Powell,MT,us-mt-077,2,61583,51,27775081
Ravalli,MT,us-mt-081,1,337234,51,27775081
Roosevelt,MT,us-mt-085,1,91392,51,27775081
Rosebud,MT,us-mt-087,1,126291,51,27775081
Sheridan,MT,us-mt-091,1,83677,51,27775081
Silver Bow,MT,us-mt-093,1,62505,51,27775081
Stillwater,MT,us-mt-095,1,73865,51,27775081
Sweet Grass,MT,us-mt-097,1,108652,51,27775081
Teton,MT,us-mt-099,2,264596,51,27775081
Toole,MT,us-mt-101,1,130721,51,27775081
Valley,MT,us-mt-105,2,317426,51,27775081
Yellowstone,MT,us-mt-111,4,9566063,51,27775081
Beaufort,NC,us-nc-013,1,899025,43,255846847
Carteret,NC,us-nc-031,1,158065,43,255846847
Catawba,NC,us-nc-035,1,1035031,43,255846847
Davidson,NC,us-nc-057,1,4276155,43,255846847
Davie,NC,us-nc-059,1,345464,43,255846847
Durham,NC,us-nc-063,2,4199251,43,255846847
Forsyth,NC,us-nc-067,1,186642879,43,255846847
Gaston,NC,us-nc-071,1,160218,43,255846847
Granville,NC,us-nc-077,1,262067,43,255846847
Guilford,NC,us-nc-081,4,4609123,43,255846847
Harnett,NC,us-nc-085,1,741846,43,255846847
Haywood,NC,us-nc-087,1,109730,43,255846847
Iredell,NC,us-nc-097,2,4466186,43,255846847
Johnston,NC,us-nc-101,1,720534,43,255846847
Lincoln,NC,us-nc-109,1,333414,43,255846847
Macon,NC,us-nc-113,1,147454,43,255846847
Mecklenburg,NC,us-nc-119,4,3219703,43,255846847
Moore,NC,us-nc-125,1,3212256,43,255846847
Nash,NC,us-nc-127,2,369610,43,255846847
New Hanover,NC,us-nc-129,1,844760,43,255846847
Onslow,NC,us-nc-133,1,76292,43,255846847
Robeson,NC,us-nc-155,1,307278,43,255846847
Rowan,NC,us-nc-159,1,535729,43,255846847
Scotland,NC,us-nc-165,1,52727,43,255846847
Stanly,NC,us-nc-167,1,513959,43,255846847
Surry,NC,us-nc-171,1,252440,43,255846847
Wake,NC,us-nc-183,5,34977839,43,255846847
Wayne,NC,us-nc-191,1,2169478,43,255846847
Wilkes,NC,us-nc-193,1,100469,43,255846847
Wilson,NC,us-nc-195,1,107865,43,255846847
Barnes,ND,us-nd-003,1,28787,70,19625782
Benson,ND,us-nd-005,1,311303,70,19625782
Bottineau,ND,us-nd-009,2,151263,70,19625782
Bowman,ND,us-nd-011,1,257394,70,19625782
Burke,ND,us-nd-013,1,89080,70,19625782
Burleigh,ND,us-nd-015,2,1423828,70,19625782
Cass,ND,us-nd-017,10,6438638,70,19625782
Cavalier,ND,us-nd-019,2,225702,70,19625782
Emmons,ND,us-nd-029,2,111791,70,19625782
Golden Valley,ND,us-nd-033,1,82639,70,19625782
Grant,ND,us-nd-037,1,32865,70,19625782
Griggs,ND,us-nd-039,1,492965,70,19625782
Hettinger,ND,us-nd-041,1,99967,70,19625782
Kidder,ND,us-nd-043,1,190523,70,19625782
LaMoure,ND,us-nd-045,1,60438,70,19625782
Logan,ND,us-nd-047,1,61525,70,19625782
McHenry,ND,us-nd-049,1,117618,70,19625782
McIntosh,ND,us-nd-051,2,164312,70,19625782
McKenzie,ND,us-nd-053,1,2058189,70,19625782
McLean,ND,us-nd-055,3,225385,70,19625782
Mercer,ND,us-nd-057,3,349739,70,19625782
Morton,ND,us-nd-059,2,237039,70,19625782
Nelson,ND,us-nd-063,3,192728,70,19625782
Pembina,ND,us-nd-067,4,517274,70,19625782
Pierce,ND,us-nd-069,1,109282,70,19625782
Ramsey,ND,us-nd-071,1,768693,70,19625782
Renville,ND,us-nd-075,1,65920,70,19625782
Richland,ND,us-nd-077,2,93806,70,19625782
Rolette,ND,us-nd-079,2,73146,70,19625782
Sargent,ND,us-nd-081,1,115646,70,19625782
Stark,ND,us-nd-089,1,1338382,70,19625782
Steele,ND,us-nd-091,1,129491,70,19625782
Stutsman,ND,us-nd-093,1,253234,70,19625782
Towner,ND,us-nd-095,1,55357,70,19625782
Traill,ND,us-nd-097,3,347128,70,19625782
Walsh,ND,us-nd-099,2,231321,70,19625782
Ward,ND,us-nd-101,2,1077652,70,19625782
Wells,ND,us-nd-103,1,83965,70,19625782
Williams,ND,us-nd-105,2,961767,70,19625782
Adams,NE,us-ne-001,2,444545,167,37165034
Antelope,NE,us-ne-003,3,181827,167,37165034
Banner,NE,us-ne-007,1,114336,167,37165034
Boone,NE,us-ne-011,2,78677,167,37165034
Boyd,NE,us-ne-015,4,106830,167,37165034
Brown,NE,us-ne-017,1,104044,167,37165034
Buffalo,NE,us-ne-019,2,891949,167,37165034
Butler,NE,us-ne-023,1,160624,167,37165034
Cass,NE,us-ne-025,7,316190,167,37165034
Cedar,NE,us-ne-027,4,374546,167,37165034
Cheyenne,NE,us-ne-033,3,5042550,167,37165034
Colfax,NE,us-ne-037,1,58832,167,37165034
Cuming,NE,us-ne-039,4,756491,167,37165034
Custer,NE,us-ne-041,3,492417,167,37165034
Dakota,NE,us-ne-043,1,211639,167,37165034
Dawson,NE,us-ne-047,5,1052470,167,37165034
Dixon,NE,us-ne-051,1,85436,167,37165034
Dodge,NE,us-ne-053,4,468235,167,37165034
Douglas,NE,us-ne-055,11,2348992,167,37165034
Fillmore,NE,us-ne-059,3,478240,167,37165034
Franklin,NE,us-ne-061,3,191988,167,37165034
Frontier,NE,us-ne-063,2,179933,167,37165034
Furnas,NE,us-ne-065,1,93319,167,37165034
Gage,NE,us-ne-067,2,77190,167,37165034
Garden,NE,us-ne-069,2,74855,167,37165034
Greeley,NE,us-ne-077,1,38855,167,37165034
Hall,NE,us-ne-079,4,1753566,167,37165034
Hamilton,NE,us-ne-081,1,40960,167,37165034
Harlan,NE,us-ne-083,2,114195,167,37165034
Hitchcock,NE,us-ne-087,1,15910,167,37165034
Holt,NE,us-ne-089,3,169266,167,37165034
Howard,NE,us-ne-093,2,165250,167,37165034
Jefferson,NE,us-ne-095,1,45209,167,37165034
Johnson,NE,us-ne-097,1,89554,167,37165034
Kearney,NE,us-ne-099,3,231281,167,37165034
Keith,NE,us-ne-101,2,714265,167,37165034
Kimball,NE,us-ne-105,1,239182,167,37165034
Knox,NE,us-ne-107,2,214204,167,37165034
Lancaster,NE,us-ne-109,9,10120072,167,37165034
Lincoln,NE,us-ne-111,2,124277,167,37165034
Logan,NE,us-ne-113,1,25467,167,37165034
Madison,NE,us-ne-119,5,1207401,167,37165034
Merrick,NE,us-ne-121,1,37493,167,37165034
Nance,NE,us-ne-125,2,137952,167,37165034
Nemaha,NE,us-ne-127,1,97522,167,37165034
Nuckolls,NE,us-ne-129,1,38550,167,37165034
Otoe,NE,us-ne-131,3,374680,167,37165034
Pawnee,NE,us-ne-133,2,74365,167,37165034
Phelps,NE,us-ne-137,1,136472,167,37165034
Platte,NE,us-ne-141,3,194659,167,37165034
Red Willow,NE,us-ne-145,1,95336,167,37165034
Richardson,NE,us-ne-147,2,263106,167,37165034
Rock,NE,us-ne-149,1,158406,167,37165034
Saline,NE,us-ne-151,1,56012,167,37165034
Sarpy,NE,us-ne-153,2,182845,167,37165034
Saunders,NE,us-ne-155,10,614643,167,37165034
Scotts Bluff,NE,us-ne-157,3,1090394,167,37165034
Seward,NE,us-ne-159,2,673667,167,37165034
Sherman,NE,us-ne-163,1,23200,167,37165034
Stanton,NE,us-ne-167,1,45725,167,37165034
Thayer,NE,us-ne-169,4,447675,167,37165034
Thurston,NE,us-ne-173,1,167456,167,37165034
Washington,NE,us-ne-177,2,480499,167,37165034
Wayne,NE,us-ne-179,3,195116,167,37165034
Webster,NE,us-ne-181,1,26894,167,37165034
Wheeler,NE,us-ne-183,1,80373,167,37165034
York,NE,us-ne-185,3,1776925,167,37165034
Coos,NH,us-nh-007,2,1194788,6,2486565
Grafton,NH,us-nh-009,1,112710,6,2486565
Rockingham,NH,us-nh-015,2,994939,6,2486565
Strafford,NH,us-nh-017,1,184128,6,2486565
Bergen,NJ,us-nj-003,8,6809525,41,36161572
Burlington,NJ,us-nj-005,3,3909876,41,36161572
Camden,NJ,us-nj-007,1,435753,41,36161572
Cumberland,NJ,us-nj-011,1,362321,41,36161572
Essex,NJ,us-nj-013,1,373147,41,36161572
Gloucester,NJ,us-nj-015,1,868332,41,36161572
Hudson,NJ,us-nj-017,2,3590485,41,36161572
Hunterdon,NJ,us-nj-019,1,1023645,41,36161572
Mercer,NJ,us-nj-021,4,3477955,41,36161572
Middlesex,NJ,us-nj-023,6,4560288,41,36161572
Monmouth,NJ,us-nj-025,3,1119518,41,36161572
Ocean,NJ,us-nj-029,3,1099053,41,36161572
Passaic,NJ,us-nj-031,1,3694196,41,36161572
Salem,NJ,us-nj-033,1,166442,41,36161572
Somerset,NJ,us-nj-035,2,3216332,41,36161572
Sussex,NJ,us-nj-037,2,920050,41,36161572
Union,NJ,us-nj-039,1,534654,41,36161572
Bernalillo,NM,us-nm-001,2,1250041,33,9518610
Chaves,NM,us-nm-005,2,312197,33,9518610
Cibola,NM,us-nm-006,1,163904,33,9518610
Colfax,NM,us-nm-007,1,300816,33,9518610
Curry,NM,us-nm-009,4,707696,33,9518610
Dona Ana,NM,us-nm-013,3,696871,33,9518610
Eddy,NM,us-nm-015,3,1709776,33,9518610
Grant,NM,us-nm-017,1,106389,33,9518610
Hidalgo,NM,us-nm-023,1,162214,33,9518610
Lea,NM,us-nm-025,1,316059,33,9518610
Luna,NM,us-nm-029,1,217094,33,9518610
Otero,NM,us-nm-035,1,66080,33,9518610
Roosevelt,NM,us-nm-041,1,206311,33,9518610
San Juan,NM,us-nm-045,2,1060054,33,9518610
San Miguel,NM,us-nm-047,2,442736,33,9518610
Santa Fe,NM,us-nm-049,2,913386,33,9518610
Socorro,NM,us-nm-053,1,140147,33,9518610
Taos,NM,us-nm-055,1,196709,33,9518610
Union,NM,us-nm-059,2,380489,33,9518610
Valencia,NM,us-nm-061,1,169641,33,9518610
Carson City,NV,us-nv-510,1,68579,13,13974462
Clark,NV,us-nv-003,10,13211628,13,13974462
Lincoln,NV,us-nv-017,1,108720,13,13974462
Washoe,NV,us-nv-031,1,585535,13,13974462
Bronx,NY,us-ny-005,1,119821,71,697955413
Cattaraugus,NY,us-ny-009,2,218645,71,697955413
Chemung,NY,us-ny-015,2,2125426,71,697955413
Dutchess,NY,us-ny-027,1,202409,71,697955413
Erie,NY,us-ny-029,4,97058504,71,697955413
Greene,NY,us-ny-039,1,222261,71,697955413
Jefferson,NY,us-ny-045,2,151644,71,697955413
Kings,NY,us-ny-047,1,591543,71,697955413
Madison,NY,us-ny-053,1,234015,71,697955413
Monroe,NY,us-ny-055,1,432076,71,697955413
Nassau,NY,us-ny-059,3,4663721,71,697955413
New York,NY,us-ny-061,24,568909404,71,697955413
Oneida,NY,us-ny-065,2,1690062,71,697955413
Onondaga,NY,us-ny-067,1,778106,71,697955413
Ontario,NY,us-ny-069,1,238301,71,697955413
Orange,NY,us-ny-071,3,1352606,71,697955413
Oswego,NY,us-ny-075,1,98758,71,697955413
Putnam,NY,us-ny-079,2,1118991,71,697955413
Queens,NY,us-ny-081,5,7264421,71,697955413
Rensselaer,NY,us-ny-083,1,98499,71,697955413
Richmond,NY,us-ny-085,1,292236,71,697955413
Saratoga,NY,us-ny-091,1,1025595,71,697955413
Schoharie,NY,us-ny-095,1,135137,71,697955413
Steuben,NY,us-ny-101,1,493015,71,697955413
Suffolk,NY,us-ny-103,1,324936,71,697955413
Sullivan,NY,us-ny-105,2,875037,71,697955413
Tioga,NY,us-ny-107,1,417350,71,697955413
Tompkins,NY,us-ny-109,1,1726803,71,697955413
Westchester,NY,us-ny-119,1,562629,71,697955413
Wyoming,NY,us-ny-121,2,4533462,71,697955413
Adams,OH,us-oh-001,1,347264,82,159967940
Ashtabula,OH,us-oh-007,1,353759,82,159967940
Athens,OH,us-oh-009,1,246361,82,159967940
Auglaize,OH,us-oh-011,1,401728,82,159967940
Belmont,OH,us-oh-013,1,402309,82,159967940
Clermont,OH,us-oh-025,2,256372,82,159967940
Cuyahoga,OH,us-oh-035,1,169221,82,159967940
Darke,OH,us-oh-037,2,309348,82,159967940
Defiance,OH,us-oh-039,3,872654,82,159967940
Delaware,OH,us-oh-041,1,542280,82,159967940
Erie,OH,us-oh-043,1,1314868,82,159967940
Fairfield,OH,us-oh-045,1,100398,82,159967940
Franklin,OH,us-oh-049,5,1239693,82,159967940
Fulton,OH,us-oh-051,2,991021,82,159967940
Gallia,OH,us-oh-053,1,785548,82,159967940
Geauga,OH,us-oh-055,1,703301,82,159967940
Hamilton,OH,us-oh-061,5,139987123,82,159967940
Hardin,OH,us-oh-065,1,18760,82,159967940
Henry,OH,us-oh-069,3,417462,82,159967940
Hocking,OH,us-oh-073,1,191483,82,159967940
Holmes,OH,us-oh-075,3,1147391,82,159967940
Jackson,OH,us-oh-079,1,137125,82,159967940
Knox,OH,us-oh-083,1,55515,82,159967940
Licking,OH,us-oh-089,1,28632,82,159967940
Logan,OH,us-oh-091,2,104111,82,159967940
Lorain,OH,us-oh-093,1,154421,82,159967940
Marion,OH,us-oh-101,1,213705,82,159967940
Medina,OH,us-oh-103,1,274857,82,159967940
Meigs,OH,us-oh-105,1,264744,82,159967940
Mercer,OH,us-oh-107,2,719477,82,159967940
Montgomery,OH,us-oh-113,1,118502,82,159967940
Muskingum,OH,us-oh-119,2,560902,82,159967940
Noble,OH,us-oh-121,1,105435,82,159967940
Ottawa,OH,us-oh-123,2,336776,82,159967940
Paulding,OH,us-oh-125,1,93708,82,159967940
Perry,OH,us-oh-127,1,80450,82,159967940
Pickaway,OH,us-oh-129,1,327169,82,159967940
Portage,OH,us-oh-133,1,288745,82,159967940
Preble,OH,us-oh-135,1,52085,82,159967940
Putnam,OH,us-oh-137,3,878917,82,159967940
Ross,OH,us-oh-141,1,33617,82,159967940
Sandusky,OH,us-oh-143,1,776058,82,159967940
Seneca,OH,us-oh-147,4,1089295,82,159967940
Stark,OH,us-oh-151,2,374386,82,159967940
Trumbull,OH,us-oh-155,1,565093,82,159967940
Tuscarawas,OH,us-oh-157,1,46580,82,159967940
Union,OH,us-oh-159,1,450114,82,159967940
Washington,OH,us-oh-167,4,416891,82,159967940
Wayne,OH,us-oh-169,2,232597,82,159967940
Williams,OH,us-oh-171,1,63368,82,159967940
Wyandot,OH,us-oh-175,1,326321,82,159967940
Adair,OK,us-ok-001,2,137807,156,43660099
Alfalfa,OK,us-ok-003,2,378188,156,43660099
Atoka,OK,us-ok-005,1,219115,156,43660099
Beaver,OK,us-ok-007,2,253191,156,43660099
Beckham,OK,us-ok-009,2,314179,156,43660099
Blaine,OK,us-ok-011,4,304544,156,43660099
Bryan,OK,us-ok-013,1,3073699,156,43660099
Caddo,OK,us-ok-015,6,831739,156,43660099
Canadian,OK,us-ok-017,4,525558,156,43660099
Carter,OK,us-ok-019,1,202735,156,43660099
Cherokee,OK,us-ok-021,2,168334,156,43660099
Cimarron,OK,us-ok-025,2,142566,156,43660099
Cleveland,OK,us-ok-027,3,584854,156,43660099
Cotton,OK,us-ok-033,2,80598,156,43660099
Craig,OK,us-ok-035,2,353616,156,43660099
Creek,OK,us-ok-037,2,1168634,156,43660099
Custer,OK,us-ok-039,3,354463,156,43660099
Delaware,OK,us-ok-041,2,457424,156,43660099
Dewey,OK,us-ok-043,2,134679,156,43660099
Ellis,OK,us-ok-045,1,57260,156,43660099
Garfield,OK,us-ok-047,1,255664,156,43660099
Garvin,OK,us-ok-049,4,175213,156,43660099
Grady,OK,us-ok-051,2,221010,156,43660099
Grant,OK,us-ok-053,3,184316,156,43660099
Harper,OK,us-ok-059,2,121546,156,43660099
Jackson,OK,us-ok-065,3,208915,156,43660099
Jefferson,OK,us-ok-067,2,59051,156,43660099
Kingfisher,OK,us-ok-073,1,50324,156,43660099
Latimer,OK,us-ok-077,2,155463,156,43660099
Le Flore,OK,us-ok-079,2,280923,156,43660099
Lincoln,OK,us-ok-081,1,87437,156,43660099
Logan,OK,us-ok-083,1,105752,156,43660099
Major,OK,us-ok-093,1,99637,156,43660099
Mayes,OK,us-ok-097,5,309278,156,43660099
McClain,OK,us-ok-087,1,207577,156,43660099
McCurtain,OK,us-ok-089,2,174690,156,43660099
McIntosh,OK,us-ok-091,1,95834,156,43660099
Muskogee,OK,us-ok-101,2,904183,156,43660099
Noble,OK,us-ok-103,2,431620,156,43660099
Nowata,OK,us-ok-105,1,212508,156,43660099
Okfuskee,OK,us-ok-107,1,379183,156,43660099
Oklahoma,OK,us-ok-109,21,15487957,156,43660099
Okmulgee,OK,us-ok-111,2,135165,156,43660099
Osage,OK,us-ok-113,2,303429,156,43660099
Ottawa,OK,us-ok-115,4,116045,156,43660099
Payne,OK,us-ok-119,3,2297875,156,43660099
Pittsburg,OK,us-ok-121,1,93125,156,43660099
Pontotoc,OK,us-ok-123,4,387918,156,43660099
Pushmataha,OK,us-ok-127,1,287394,156,43660099
Roger Mills,OK,us-ok-129,1,196007,156,43660099
Rogers,OK,us-ok-131,3,2695844,156,43660099
Seminole,OK,us-ok-133,1,197163,156,43660099
Stephens,OK,us-ok-137,2,805616,156,43660099
Texas,OK,us-ok-139,2,320228,156,43660099
Tillman,OK,us-ok-141,1,35243,156,43660099
Tulsa,OK,us-ok-143,13,4644545,156,43660099
Wagoner,OK,us-ok-145,2,299916,156,43660099
Washita,OK,us-ok-149,2,163864,156,43660099
Woods,OK,us-ok-151,4,448255,156,43660099
Woodward,OK,us-ok-153,1,281203,156,43660099
Benton,OR,us-or-003,1,595981,21,30747497
Clackamas,OR,us-or-005,4,467061,21,30747497
Clatsop,OR,us-or-007,1,76320,21,30747497
Deschutes,OR,us-or-017,1,2413282,21,30747497
Douglas,OR,us-or-019,1,22795230,21,30747497
Hood River,OR,us-or-027,1,131581,21,30747497
Jackson,OR,us-or-029,1,222499,21,30747497
Lane,OR,us-or-039,3,2222641,21,30747497
Lincoln,OR,us-or-041,1,183530,21,30747497
Linn,OR,us-or-043,1,99556,21,30747497
Marion,OR,us-or-047,1,160851,21,30747497
Morrow,OR,us-or-049,1,342957,21,30747497
Multnomah,OR,us-or-051,2,330891,21,30747497
Wallowa,OR,us-or-063,1,357579,21,30747497
Washington,OR,us-or-067,1,347538,21,30747497
Adams,PA,us-pa-001,1,1093726,92,94633906
Allegheny,PA,us-pa-003,3,3603966,92,94633906
Armstrong,PA,us-pa-005,2,390281,92,94633906
Bedford,PA,us-pa-009,1,130588,92,94633906
Berks,PA,us-pa-011,2,1631268,92,94633906
Bradford,PA,us-pa-015,1,298838,92,94633906
Bucks,PA,us-pa-017,4,1624432,92,94633906
Cambria,PA,us-pa-021,2,1988045,92,94633906
Carbon,PA,us-pa-025,3,1219117,92,94633906
Chester,PA,us-pa-029,7,10391336,92,94633906
Clarion,PA,us-pa-031,1,131707,92,94633906
Clearfield,PA,us-pa-033,2,2665144,92,94633906
Columbia,PA,us-pa-037,2,1566950,92,94633906
Cumberland,PA,us-pa-041,3,4790377,92,94633906
Dauphin,PA,us-pa-043,3,1524819,92,94633906
Delaware,PA,us-pa-045,1,99091,92,94633906
Franklin,PA,us-pa-055,2,1196608,92,94633906
Greene,PA,us-pa-059,1,836103,92,94633906
Huntingdon,PA,us-pa-061,1,313089,92,94633906
Indiana,PA,us-pa-063,3,12681730,92,94633906
Jefferson,PA,us-pa-065,1,107596,92,94633906
Juniata,PA,us-pa-067,1,481760,92,94633906
Lackawanna,PA,us-pa-069,2,2461221,92,94633906
Lancaster,PA,us-pa-071,2,18618977,92,94633906
Lebanon,PA,us-pa-075,1,453839,92,94633906
Lehigh,PA,us-pa-077,2,912550,92,94633906
Luzerne,PA,us-pa-079,2,617442,92,94633906
Lycoming,PA,us-pa-081,3,1666523,92,94633906
McKean,PA,us-pa-083,1,452158,92,94633906
Mercer,PA,us-pa-085,1,352370,92,94633906
Mifflin,PA,us-pa-087,1,680895,92,94633906
Montgomery,PA,us-pa-091,6,7000028,92,94633906
Northampton,PA,us-pa-095,3,2561209,92,94633906
Northumberland,PA,us-pa-097,1,127791,92,94633906
Perry,PA,us-pa-099,3,751099,92,94633906
Philadelphia,PA,us-pa-101,5,1538215,92,94633906
Somerset,PA,us-pa-111,1,992081,92,94633906
Tioga,PA,us-pa-117,2,2182546,92,94633906
Union,PA,us-pa-119,2,743892,92,94633906
Wayne,PA,us-pa-127,2,1360400,92,94633906
Westmoreland,PA,us-pa-129,3,676268,92,94633906
York,PA,us-pa-133,2,1717831,92,94633906
San Juan,PR,us-pr-127,5,59412311,5,59412311
Kent,RI,us-ri-003,1,38660,4,7022588
Newport,RI,us-ri-005,1,1340692,4,7022588
Providence,RI,us-ri-007,1,2000958,4,7022588
Washington,RI,us-ri-009,1,3642278,4,7022588
Aiken,SC,us-sc-003,2,914578,45,24659144
Anderson,SC,us-sc-007,2,451914,45,24659144
Bamberg,SC,us-sc-009,1,310478,45,24659144
Beaufort,SC,us-sc-013,2,493913,45,24659144
Charleston,SC,us-sc-019,4,2668615,45,24659144
Clarendon,SC,us-sc-027,1,225167,45,24659144
Colleton,SC,us-sc-029,1,171669,45,24659144
Darlington,SC,us-sc-031,3,549994,45,24659144
Florence,SC,us-sc-041,2,771903,45,24659144
Georgetown,SC,us-sc-043,1,146866,45,24659144
Greenville,SC,us-sc-045,6,3755261,45,24659144
Greenwood,SC,us-sc-047,1,337177,45,24659144
Hampton,SC,us-sc-049,1,489303,45,24659144
Horry,SC,us-sc-051,3,892612,45,24659144
Kershaw,SC,us-sc-055,1,565605,45,24659144
Lexington,SC,us-sc-063,2,946491,45,24659144
Marion,SC,us-sc-067,1,509953,45,24659144
Oconee,SC,us-sc-073,2,442533,45,24659144
Orangeburg,SC,us-sc-075,1,275862,45,24659144
Richland,SC,us-sc-079,2,8144525,45,24659144
Spartanburg,SC,us-sc-083,2,686990,45,24659144
Union,SC,us-sc-087,1,502166,45,24659144
Williamsburg,SC,us-sc-089,1,82840,45,24659144
York,SC,us-sc-091,2,322729,45,24659144
Aurora,SD,us-sd-003,2,212022,57,23892603
Bon Homme,SD,us-sd-009,3,210697,57,23892603
Brookings,SD,us-sd-011,3,1153484,57,23892603
Brown,SD,us-sd-013,3,2295853,57,23892603
Butte,SD,us-sd-019,1,607711,57,23892603
Campbell,SD,us-sd-021,1,106716,57,23892603
Charles Mix,SD,us-sd-023,2,171808,57,23892603
Codington,SD,us-sd-029,1,9758015,57,23892603
Dewey,SD,us-sd-041,2,93931,57,23892603
Douglas,SD,us-sd-043,1,116775,57,23892603
Edmunds,SD,us-sd-045,3,181553,57,23892603
Grant,SD,us-sd-051,1,158467,57,23892603
Gregory,SD,us-sd-053,1,358424,57,23892603
Hamlin,SD,us-sd-057,2,311285,57,23892603
Hand,SD,us-sd-059,1,156286,57,23892603
Hanson,SD,us-sd-061,3,181312,57,23892603
Hughes,SD,us-sd-065,2,927592,57,23892603
Hutchinson,SD,us-sd-067,3,330478,57,23892603
Jerauld,SD,us-sd-073,1,589781,57,23892603
Kingsbury,SD,us-sd-077,2,136878,57,23892603
Lincoln,SD,us-sd-083,3,306047,57,23892603
McPherson,SD,us-sd-089,1,93131,57,23892603
Miner,SD,us-sd-097,1,46982,57,23892603
Minnehaha,SD,us-sd-099,3,3442450,57,23892603
Potter,SD,us-sd-107,1,594264,57,23892603
Roberts,SD,us-sd-109,2,104675,57,23892603
Spink,SD,us-sd-115,2,107940,57,23892603
Stanley,SD,us-sd-117,1,77727,57,23892603
Sully,SD,us-sd-119,1,60754,57,23892603
Turner,SD,us-sd-125,2,164047,57,23892603
Union,SD,us-sd-127,2,835518,57,23892603
Anderson,TN,us-tn-001,1,188126,148,56140851
Bedford,TN,us-tn-003,2,514060,148,56140851
Benton,TN,us-tn-005,1,379079,148,56140851
Bledsoe,TN,us-tn-007,1,110635,148,56140851
Blount,TN,us-tn-009,2,524335,148,56140851
Bradley,TN,us-tn-011,2,493766,148,56140851
Campbell,TN,us-tn-013,2,206602,148,56140851
Carroll,TN,us-tn-017,4,730300,148,56140851
Carter,TN,us-tn-019,1,696387,148,56140851
Cheatham,TN,us-tn-021,1,201771,148,56140851
Chester,TN,us-tn-023,1,69700,148,56140851
Claiborne,TN,us-tn-025,3,1229316,148,56140851
Coffee,TN,us-tn-031,5,833175,148,56140851
Crockett,TN,us-tn-033,1,139947,148,56140851
Cumberland,TN,us-tn-035,1,285113,148,56140851
Davidson,TN,us-tn-037,8,12152239,148,56140851
Decatur,TN,us-tn-039,2,123439,148,56140851
Dickson,TN,us-tn-043,2,456465,148,56140851
Dyer,TN,us-tn-045,1,174538,148,56140851
Fayette,TN,us-tn-047,1,369916,148,56140851
Fentress,TN,us-tn-049,2,469881,148,56140851
Franklin,TN,us-tn-051,2,276639,148,56140851
Gibson,TN,us-tn-053,3,202527,148,56140851
Giles,TN,us-tn-055,1,213853,148,56140851
Grainger,TN,us-tn-057,1,197932,148,56140851
Greene,TN,us-tn-059,3,489262,148,56140851
Hamilton,TN,us-tn-065,4,2521898,148,56140851
Hardeman,TN,us-tn-069,1,83715,148,56140851
Hardin,TN,us-tn-071,2,538121,148,56140851
Hawkins,TN,us-tn-073,2,295237,148,56140851
Haywood,TN,us-tn-075,1,287439,148,56140851
Henderson,TN,us-tn-077,2,194555,148,56140851
Henry,TN,us-tn-079,2,838421,148,56140851
Houston,TN,us-tn-083,1,116519,148,56140851
Jefferson,TN,us-tn-089,1,136955,148,56140851
Johnson,TN,us-tn-091,2,254105,148,56140851
Knox,TN,us-tn-093,3,1627077,148,56140851
Lauderdale,TN,us-tn-097,4,367301,148,56140851
Lincoln,TN,us-tn-103,1,130115,148,56140851
Macon,TN,us-tn-111,2,1186572,148,56140851
Madison,TN,us-tn-113,2,600258,148,56140851
Marion,TN,us-tn-115,1,138787,148,56140851
Marshall,TN,us-tn-117,1,290311,148,56140851
Maury,TN,us-tn-119,3,1765712,148,56140851
McNairy,TN,us-tn-109,2,122285,148,56140851
Monroe,TN,us-tn-123,1,213232,148,56140851
Montgomery,TN,us-tn-125,4,1894531,148,56140851
Morgan,TN,us-tn-129,1,152182,148,56140851
Obion,TN,us-tn-131,3,2059384,148,56140851
Overton,TN,us-tn-133,2,279843,148,56140851
Perry,TN,us-tn-135,1,149450,148,56140851
Pickett,TN,us-tn-137,1,113243,148,56140851
Putnam,TN,us-tn-141,2,529320,148,56140851
Rhea,TN,us-tn-143,1,271551,148,56140851
Sequatchie,TN,us-tn-153,2,746140,148,56140851
Sevier,TN,us-tn-155,3,1471677,148,56140851
Shelby,TN,us-tn-157,13,4892508,148,56140851
Smith,TN,us-tn-159,1,542591,148,56140851
Sullivan,TN,us-tn-163,2,1253774,148,56140851
Sumner,TN,us-tn-165,3,1237653,148,56140851
Tipton,TN,us-tn-167,1,51574,148,56140851
Trousdale,TN,us-tn-169,1,180076,148,56140851
Unicoi,TN,us-tn-171,1,442466,148,56140851
Warren,TN,us-tn-177,2,320723,148,56140851
Wayne,TN,us-tn-181,3,604336,148,56140851
Weakley,TN,us-tn-183,2,169986,148,56140851
Williamson,TN,us-tn-187,3,2717283,148,56140851
Wilson,TN,us-tn-189,4,2622942,148,56140851
Andrews,TX,us-tx-003,1,521259,261,241747511
Angelina,TX,us-tx-005,2,1147376,261,241747511
Atascosa,TX,us-tx-013,2,251140,261,241747511
Austin,TX,us-tx-015,4,1434843,261,241747511
Bailey,TX,us-tx-017,2,213027,261,241747511
Bandera,TX,us-tx-019,2,120220,261,241747511
Bastrop,TX,us-tx-021,1,143806,261,241747511
Baylor,TX,us-tx-023,1,186318,261,241747511
Bell,TX,us-tx-027,1,269774,261,241747511
Bexar,TX,us-tx-029,4,30318191,261,241747511
Blanco,TX,us-tx-031,1,115619,261,241747511
Bosque,TX,us-tx-035,1,113164,261,241747511
Bowie,TX,us-tx-037,1,175531,261,241747511
Brazoria,TX,us-tx-039,3,549180,261,241747511
Brazos,TX,us-tx-041,2,1563544,261,241747511
Brooks,TX,us-tx-047,1,66492,261,241747511
Brown,TX,us-tx-049,1,409691,261,241747511
Burleson,TX,us-tx-051,1,449229,261,241747511
Burnet,TX,us-tx-053,1,248498,261,241747511
Caldwell,TX,us-tx-055,1,66717,261,241747511
Cameron,TX,us-tx-061,2,1537014,261,241747511
Camp,TX,us-tx-063,1,601045,261,241747511
Cass,TX,us-tx-067,1,16106,261,241747511
Castro,TX,us-tx-069,1,1119512,261,241747511
Chambers,TX,us-tx-071,1,155312,261,241747511
Childress,TX,us-tx-075,1,88288,261,241747511
Coke,TX,us-tx-081,1,46712,261,241747511
Coleman,TX,us-tx-083,1,104786,261,241747511
Collin,TX,us-tx-085,4,11603126,261,241747511
Collingsworth,TX,us-tx-087,1,241067,261,241747511
Colorado,TX,us-tx-089,3,377093,261,241747511
Comanche,TX,us-tx-093,1,77183,261,241747511
Concho,TX,us-tx-095,2,194866,261,241747511
Cooke,TX,us-tx-097,2,1144856,261,241747511
Crosby,TX,us-tx-107,1,290750,261,241747511
Dallas,TX,us-tx-113,21,87916546,261,241747511
De Witt,TX,us-tx-123,1,187555,261,241747511
Delta,TX,us-tx-119,1,28602,261,241747511
Denton,TX,us-tx-121,5,2477508,261,241747511
Dickens,TX,us-tx-125,1,45206,261,241747511
Dimmit,TX,us-tx-127,1,68602,261,241747511
Donley,TX,us-tx-129,1,38568,261,241747511
Duval,TX,us-tx-131,2,119665,261,241747511
Ector,TX,us-tx-135,2,767115,261,241747511
Edwards,TX,us-tx-137,1,74170,261,241747511
El Paso,TX,us-tx-141,2,1299418,261,241747511
Ellis,TX,us-tx-139,3,294603,261,241747511
Fannin,TX,us-tx-147,1,84155,261,241747511
Fayette,TX,us-tx-149,3,924418,261,241747511
Foard,TX,us-tx-155,1,36290,261,241747511
Frio,TX,us-tx-163,2,636698,261,241747511
Galveston,TX,us-tx-167,2,1055133,261,241747511
Gillespie,TX,us-tx-171,1,834866,261,241747511
Gray,TX,us-tx-179,1,34615,261,241747511
Grayson,TX,us-tx-181,2,2534228,261,241747511
Gregg,TX,us-tx-183,3,2548752,261,241747511
Grimes,TX,us-tx-185,1,163596,261,241747511
Guadalupe,TX,us-tx-187,2,336947,261,241747511
Hale,TX,us-tx-189,1,29209,261,241747511
Hall,TX,us-tx-191,1,65802,261,241747511
Hansford,TX,us-tx-195,2,197397,261,241747511
Hardeman,TX,us-tx-197,1,43970,261,241747511
Harris,TX,us-tx-201,12,6329529,261,241747511
Harrison,TX,us-tx-203,1,222578,261,241747511
Henderson,TX,us-tx-213,2,489208,261,241747511
Hidalgo,TX,us-tx-215,3,552105,261,241747511
Hockley,TX,us-tx-219,2,193426,261,241747511
Hopkins,TX,us-tx-223,1,647520,261,241747511
Houston,TX,us-tx-225,2,82356,261,241747511
Hunt,TX,us-tx-231,1,42318,261,241747511
Jackson,TX,us-tx-239,1,61652,261,241747511
Jeff Davis,TX,us-tx-243,1,71811,261,241747511
Johnson,TX,us-tx-251,2,802329,261,241747511
Kendall,TX,us-tx-259,1,122065,261,241747511
Kimble,TX,us-tx-267,1,48394,261,241747511
Lamar,TX,us-tx-277,1,119175,261,241747511
Lamb,TX,us-tx-279,2,912959,261,241747511
Lampasas,TX,us-tx-281,1,117942,261,241747511
Lavaca,TX,us-tx-285,1,276951,261,241747511
Leon,TX,us-tx-289,3,879778,261,241747511
Limestone,TX,us-tx-293,1,133609,261,241747511
Live Oak,TX,us-tx-297,1,162979,261,241747511
Llano,TX,us-tx-299,1,159479,261,241747511
Lubbock,TX,us-tx-303,9,6326641,261,241747511
Mason,TX,us-tx-319,2,142228,261,241747511
McLennan,TX,us-tx-309,6,1185569,261,241747511
Medina,TX,us-tx-325,1,134780,261,241747511
Menard,TX,us-tx-327,1,34171,261,241747511
Midland,TX,us-tx-329,2,1149622,261,241747511
Milam,TX,us-tx-331,1,77571,261,241747511
Mills,TX,us-tx-333,1,288314,261,241747511
Navarro,TX,us-tx-349,3,221205,261,241747511
Nolan,TX,us-tx-353,1,153785,261,241747511
Nueces,TX,us-tx-355,4,1260001,261,241747511
Orange,TX,us-tx-361,1,178920,261,241747511
Panola,TX,us-tx-365,1,515964,261,241747511
Parker,TX,us-tx-367,1,136272,261,241747511
Parmer,TX,us-tx-369,1,117557,261,241747511
Pecos,TX,us-tx-371,1,213046,261,241747511
Polk,TX,us-tx-373,2,458842,261,241747511
Potter,TX,us-tx-375,2,1394203,261,241747511
Randall,TX,us-tx-381,1,139047,261,241747511
Reeves,TX,us-tx-389,1,143869,261,241747511
Rockwall,TX,us-tx-397,1,77433,261,241747511
Runnels,TX,us-tx-399,2,163842,261,241747511
Rusk,TX,us-tx-401,1,353812,261,241747511
Sabine,TX,us-tx-403,1,54286,261,241747511
San Jacinto,TX,us-tx-407,2,146561,261,241747511
San Patricio,TX,us-tx-409,1,134053,261,241747511
Scurry,TX,us-tx-415,2,276851,261,241747511
Shelby,TX,us-tx-419,2,485141,261,241747511
Sherman,TX,us-tx-421,1,230789,261,241747511
Smith,TX,us-tx-423,4,6146869,261,241747511
Starr,TX,us-tx-427,1,84309,261,241747511
Swisher,TX,us-tx-437,1,2651075,261,241747511
Tarrant,TX,us-tx-439,5,2622614,261,241747511
Taylor,TX,us-tx-441,1,45551,261,241747511
Tom Green,TX,us-tx-451,1,255785,261,241747511
Travis,TX,us-tx-453,1,1393989,261,241747511
Tyler,TX,us-tx-457,1,156710,261,241747511
Uvalde,TX,us-tx-463,1,1356326,261,241747511
Val Verde,TX,us-tx-465,2,459827,261,241747511
Van Zandt,TX,us-tx-467,1,135849,261,241747511
Ward,TX,us-tx-475,1,129232,261,241747511
Washington,TX,us-tx-477,2,85081,261,241747511
Webb,TX,us-tx-479,4,12617145,261,241747511
Wharton,TX,us-tx-481,3,22353223,261,241747511
Wheeler,TX,us-tx-483,1,88342,261,241747511
Wichita,TX,us-tx-485,2,706579,261,241747511
Williamson,TX,us-tx-491,4,1415280,261,241747511
Wilson,TX,us-tx-493,1,48430,261,241747511
Wise,TX,us-tx-497,2,275830,261,241747511
Young,TX,us-tx-503,3,689767,261,241747511
Zapata,TX,us-tx-505,1,533442,261,241747511
Zavala,TX,us-tx-507,1,68749,261,241747511
Cache,UT,us-ut-005,2,1158825,45,276622584
Davis,UT,us-ut-011,2,363376,45,276622584
Iron,UT,us-ut-021,1,850918,45,276622584
Salt Lake,UT,us-ut-035,27,268672667,45,276622584
Sanpete,UT,us-ut-039,1,79343,45,276622584
Sevier,UT,us-ut-041,1,63711,45,276622584
Summit,UT,us-ut-043,1,133956,45,276622584
Utah,UT,us-ut-049,6,3381022,45,276622584
Wasatch,UT,us-ut-051,1,341798,45,276622584
Washington,UT,us-ut-053,1,100130,45,276622584
Weber,UT,us-ut-057,2,1476838,45,276622584
Accomack,VA,us-va-001,1,396010,71,65632584
Alexandria (City),VA,us-va-510,1,2685078,71,65632584
Alleghany,VA,us-va-005,1,131216,71,65632584
Appomattox,VA,us-va-011,1,219532,71,65632584
Bedford,VA,us-va-019,1,148494,71,65632584
Botetourt,VA,us-va-023,2,534708,71,65632584
Buchanan,VA,us-va-027,1,441828,71,65632584
Charlotte,VA,us-va-037,1,132914,71,65632584
Chesapeake (City),VA,us-va-550,1,1170363,71,65632584
Chesterfield,VA,us-va-041,3,914687,71,65632584
Clarke,VA,us-va-043,1,630115,71,65632584
Craig,VA,us-va-045,1,56430,71,65632584
Danville (City),VA,us-va-590,2,217455,71,65632584
Dinwiddie,VA,us-va-053,2,767473,71,65632584
Essex,VA,us-va-057,1,1219669,71,65632584
Fairfax,VA,us-va-059,6,8155778,71,65632584
Fairfax (City),VA,us-va-600,2,7776313,71,65632584
Fauquier,VA,us-va-061,1,596039,71,65632584
Floyd,VA,us-va-063,1,267762,71,65632584
Fredericksburg (City),VA,us-va-630,1,283008,71,65632584
Henrico,VA,us-va-087,2,1774718,71,65632584
Highland,VA,us-va-091,2,161999,71,65632584
Isle of Wight,VA,us-va-093,1,410355,71,65632584
King William,VA,us-va-101,1,1368489,71,65632584
Lancaster,VA,us-va-103,2,1074152,71,65632584
Lee,VA,us-va-105,3,401614,71,65632584
Loudoun,VA,us-va-107,1,1236017,71,65632584
Louisa,VA,us-va-109,1,214548,71,65632584
Lunenburg,VA,us-va-111,1,502410,71,65632584
Lynchburg (City),VA,us-va-680,1,493051,71,65632584
Martinsville (City),VA,us-va-690,1,4796721,71,65632584
Mecklenburg,VA,us-va-117,1,170236,71,65632584
Montgomery,VA,us-va-121,1,92453,71,65632584
Norfolk (City),VA,us-va-710,1,323637,71,65632584
Nottoway,VA,us-va-135,1,343865,71,65632584
Page,VA,us-va-139,2,418392,71,65632584
Petersburg (City),VA,us-va-730,1,283416,71,65632584
Portsmouth (City),VA,us-va-740,1,6055141,71,65632584
Richmond (City),VA,us-va-760,2,8468443,71,65632584
Roanoke (City),VA,us-va-770,2,1292930,71,65632584
Rockingham,VA,us-va-165,1,648112,71,65632584
Russell,VA,us-va-167,2,2061661,71,65632584
Shenandoah,VA,us-va-171,1,695175,71,65632584
Smyth,VA,us-va-173,1,367329,71,65632584
Tazewell,VA,us-va-185,2,2649948,71,65632584
Virginia Beach (City),VA,us-va-810,1,1607973,71,65632584
Washington,VA,us-va-191,1,610646,71,65632584
Waynesboro (City),VA,us-va-820,1,96159,71,65632584
Westmoreland,VA,us-va-193,1,160926,71,65632584
Wise,VA,us-va-195,1,107196,71,65632584
St. Croix,VI,us-vi-010,1,124456,2,261291
St. Thomas,VI,us-vi-030,1,136835,2,261291
Chittenden,VT,us-vt-007,1,1679937,3,2533100
Franklin,VT,us-vt-011,1,253209,3,2533100
Lamoille,VT,us-vt-015,1,599954,3,2533100
Benton,WA,us-wa-005,1,259772,39,37522645
Chelan,WA,us-wa-007,1,1320786,39,37522645
Cowlitz,WA,us-wa-015,1,52037,39,37522645
Grays Harbor,WA,us-wa-027,1,785889,39,37522645
King,WA,us-wa-033,5,1573977,39,37522645
Kitsap,WA,us-wa-035,2,1085153,39,37522645
Lewis,WA,us-wa-041,1,373625,39,37522645
Okanogan,WA,us-wa-047,1,29314,39,37522645
Pierce,WA,us-wa-053,4,8828592,39,37522645
San Juan,WA,us-wa-055,1,259614,39,37522645
Skagit,WA,us-wa-057,2,965956,39,37522645
Snohomish,WA,us-wa-061,4,1155839,39,37522645
Spokane,WA,us-wa-063,7,10589826,39,37522645
Thurston,WA,us-wa-067,4,3839269,39,37522645
Walla Walla,WA,us-wa-071,1,4941490,39,37522645
Whatcom,WA,us-wa-073,1,1407018,39,37522645
Whitman,WA,us-wa-075,2,54488,39,37522645
Adams,WI,us-wi-001,1,139843,185,48029915
Ashland,WI,us-wi-003,1,231503,185,48029915
Barron,WI,us-wi-005,4,984571,185,48029915
Bayfield,WI,us-wi-007,2,124732,185,48029915
Brown,WI,us-wi-009,3,563048,185,48029915
Buffalo,WI,us-wi-011,3,532797,185,48029915
Calumet,WI,us-wi-015,2,256663,185,48029915
Chippewa,WI,us-wi-017,3,608219,185,48029915
Clark,WI,us-wi-019,2,320174,185,48029915
Columbia,WI,us-wi-021,3,833822,185,48029915
Crawford,WI,us-wi-023,1,652386,185,48029915
Dane,WI,us-wi-025,17,7481230,185,48029915
Dodge,WI,us-wi-027,4,835982,185,48029915
Door,WI,us-wi-029,1,980418,185,48029915
Eau Claire,WI,us-wi-035,2,688395,185,48029915
Florence,WI,us-wi-037,1,88580,185,48029915
Fond du Lac,WI,us-wi-039,3,728261,185,48029915
Forest,WI,us-wi-041,1,167136,185,48029915
Grant,WI,us-wi-043,4,835786,185,48029915
Green,WI,us-wi-045,3,569979,185,48029915
Green Lake,WI,us-wi-047,3,457069,185,48029915
Iowa,WI,us-wi-049,2,296012,185,48029915
Jackson,WI,us-wi-053,2,289815,185,48029915
Jefferson,WI,us-wi-055,7,1243186,185,48029915
Juneau,WI,us-wi-057,3,645238,185,48029915
Kenosha,WI,us-wi-059,1,259339,185,48029915
Kewaunee,WI,us-wi-061,2,352210,185,48029915
La Crosse,WI,us-wi-063,5,949164,185,48029915
Lafayette,WI,us-wi-065,2,102583,185,48029915
Lincoln,WI,us-wi-069,1,58561,185,48029915
Manitowoc,WI,us-wi-071,3,946690,185,48029915
Marathon,WI,us-wi-073,7,2568811,185,48029915
Marinette,WI,us-wi-075,1,145809,185,48029915
Marquette,WI,us-wi-077,1,57611,185,48029915
Milwaukee,WI,us-wi-079,4,1123107,185,48029915
Monroe,WI,us-wi-081,4,515873,185,48029915
Outagamie,WI,us-wi-087,4,649484,185,48029915
Ozaukee,WI,us-wi-089,3,855422,185,48029915
Pepin,WI,us-wi-091,1,404239,185,48029915
Pierce,WI,us-wi-093,1,83586,185,48029915
Portage,WI,us-wi-097,5,366573,185,48029915
Price,WI,us-wi-099,1,26849,185,48029915
Racine,WI,us-wi-101,3,4407492,185,48029915
Richland,WI,us-wi-103,2,131510,185,48029915
Rock,WI,us-wi-105,6,1131809,185,48029915
Rusk,WI,us-wi-107,2,148932,185,48029915
Sauk,WI,us-wi-111,2,467537,185,48029915
Sawyer,WI,us-wi-113,2,610353,185,48029915
Shawano,WI,us-wi-115,3,171487,185,48029915
Sheboygan,WI,us-wi-117,2,246688,185,48029915
St. Croix,WI,us-wi-109,2,309683,185,48029915
Trempealeau,WI,us-wi-121,6,745677,185,48029915
Vernon,WI,us-wi-123,4,785784,185,48029915
Vilas,WI,us-wi-125,1,65540,185,48029915
Walworth,WI,us-wi-127,4,801843,185,48029915
Washburn,WI,us-wi-129,1,172336,185,48029915
Washington,WI,us-wi-131,2,557221,185,48029915
Waukesha,WI,us-wi-133,9,5078488,185,48029915
Waupaca,WI,us-wi-135,3,712459,185,48029915
Winnebago,WI,us-wi-139,2,520666,185,48029915
Wood,WI,us-wi-141,5,943654,185,48029915
Barbour,WV,us-wv-001,2,266681,49,26385482
Boone,WV,us-wv-005,1,101954,49,26385482
Cabell,WV,us-wv-011,3,1592274,49,26385482
Calhoun,WV,us-wv-013,1,127494,49,26385482
Clay,WV,us-wv-015,1,82279,49,26385482
Doddridge,WV,us-wv-017,2,347942,49,26385482
Fayette,WV,us-wv-019,1,127978,49,26385482
Grant,WV,us-wv-023,1,239511,49,26385482
Hampshire,WV,us-wv-027,2,438237,49,26385482
Hancock,WV,us-wv-029,1,26239,49,26385482
Hardy,WV,us-wv-031,2,1621973,49,26385482
Harrison,WV,us-wv-033,1,102087,49,26385482
Jefferson,WV,us-wv-037,2,606916,49,26385482
Kanawha,WV,us-wv-039,1,206762,49,26385482
Lewis,WV,us-wv-041,1,191338,49,26385482
Logan,WV,us-wv-045,1,264071,49,26385482
Marion,WV,us-wv-049,2,1461606,49,26385482
McDowell,WV,us-wv-047,2,413132,49,26385482
Mercer,WV,us-wv-055,1,406230,49,26385482
Mingo,WV,us-wv-059,1,87820,49,26385482
Monongalia,WV,us-wv-061,1,34741,49,26385482
Monroe,WV,us-wv-063,1,121386,49,26385482
Morgan,WV,us-wv-065,1,310330,49,26385482
Ohio,WV,us-wv-069,2,8699614,49,26385482
Pendleton,WV,us-wv-071,1,267972,49,26385482
Pleasants,WV,us-wv-073,1,68021,49,26385482
Preston,WV,us-wv-077,1,513775,49,26385482
Putnam,WV,us-wv-079,2,705525,49,26385482
Randolph,WV,us-wv-083,2,362845,49,26385482
Roane,WV,us-wv-087,2,453652,49,26385482
Tucker,WV,us-wv-093,1,52777,49,26385482
Tyler,WV,us-wv-095,1,234061,49,26385482
Wood,WV,us-wv-107,3,5720815,49,26385482
Wyoming,WV,us-wv-109,1,127444,49,26385482
Albany,WY,us-wy-001,1,172485,26,5428557
Big Horn,WY,us-wy-003,1,325980,26,5428557
Carbon,WY,us-wy-007,1,128662,26,5428557
Converse,WY,us-wy-009,1,509397,26,5428557
Crook,WY,us-wy-011,1,174352,26,5428557
Fremont,WY,us-wy-013,2,293604,26,5428557
Goshen,WY,us-wy-015,2,1036194,26,5428557
Johnson,WY,us-wy-019,2,381715,26,5428557
Laramie,WY,us-wy-021,4,295541,26,5428557
Lincoln,WY,us-wy-023,1,140549,26,5428557
Natrona,WY,us-wy-025,1,292934,26,5428557
Niobrara,WY,us-wy-027,1,54666,26,5428557
Platte,WY,us-wy-031,1,34121,26,5428557
Sheridan,WY,us-wy-033,1,42401,26,5428557
Sweetwater,WY,us-wy-037,2,411985,26,5428557
Teton,WY,us-wy-039,2,855464,26,5428557
Uinta,WY,us-wy-041,1,129323,26,5428557
Weston,WY,us-wy-045,1,149184,26,5428557
